,Unnamed: 0,modularity
0,0,0.471978162658484
1,1,0.7052927461312262
2,2,0.5112424689207584
3,3,0.4778244800163583
4,4,0.4940719004025653
5,5,0.4699221779579106
6,6,0.4791721612649158
7,7,0.431024731101539
8,8,0.4756051249012495
9,9,0.6692154684224317
10,10,0.6969998564229265
11,11,0.5727467961633628
12,12,0.5793777168528945
13,13,0.6905644690549744
14,14,0.6899114539544152
15,15,0.6346375833765756
16,16,0.6820170258262719
17,17,0.6983042092272613
18,18,0.6923287498090346
19,19,0.6360273681210505
20,20,0.6426780400979659
21,21,0.5046925846037466
22,22,0.537012377817795
23,23,0.6428966497581504
24,24,0.6061785627284867
25,25,0.6376047529702749
26,26,0.6951319835430503
27,27,0.6496697590208329
28,28,0.6393606835010268
29,29,0.6596024704191243
30,30,0.6317641470234712
31,31,0.5041254470369935
32,32,0.6492734247217611
33,33,0.6415056716943113
34,34,0.6111147339845565
35,35,0.6287346849262934
36,36,0.639094274379496
37,37,0.5802313820647966
38,38,0.6192768958270457
39,39,0.5135712435188706
40,40,0.5386124275375948
41,41,0.5913181239091169
42,42,0.5291109943072225
43,43,0.5192074667889875
44,44,0.5233908467036076
45,45,0.5338733807854463
46,46,0.5711183899318832
47,47,0.506662158135876
48,48,0.5271976906680743
49,49,0.4687959317961327
50,50,0.5509617822718261
51,51,0.5011542085507144
52,52,0.6231147412896111
53,53,0.546249713334488
54,54,0.5726557157141036
55,55,0.5485925214204345
56,56,0.5150669491586571
57,57,0.5500591550617133
58,58,0.5496546813729697
59,59,0.5657039414866178
60,60,0.655309361746212
61,61,0.6069519786456434
62,62,0.609100300920181
63,63,0.6566763991799546
64,64,0.6508776806734995
65,65,0.6706601586168582
66,66,0.6627703614703018
67,67,0.6491277762618368
68,68,0.6520188711411052
69,69,0.6098583863493046
70,70,0.5755053177572147
71,71,0.5516118593738889
72,72,0.6392396785693082
73,73,0.5784783605487687
74,74,0.5770934324680289
75,75,0.562780488544872
76,76,0.568146097157599
77,77,0.6738210179262523
78,78,0.5828564549313862
79,79,0.6697296619925754
80,80,0.5336
81,81,0.5132027847825723
82,82,0.4793462987883979
83,83,0.480257116620753
84,84,0.6337868480725622
85,85,0.5249702734839478
86,86,0.5387523629489603
87,87,0.480257116620753
88,88,0.4802571166207529
89,89,0.4825723134583245
90,90,0.6655909386164987
91,91,0.4979839091439129
92,92,0.6306885043506757
93,93,0.6949734809926191
94,94,0.6996994934287406
95,95,0.6835725828342614
96,96,0.6779732833152057
97,97,0.6621025197328331
98,98,0.6683969143532605
99,99,0.4974779365440248
100,100,0.4972106005096137
101,101,0.609514235192667
102,102,0.4710027086252772
103,103,0.500995997764453
104,104,0.5069395323198126
105,105,0.5033903162882694
106,106,0.5050474804125494
107,107,0.4884339470059102
108,108,0.4875524927266037
109,109,0.523861086465111
110,110,0.6913694880659749
111,111,0.6174689781718976
112,112,0.538638335173663
113,113,0.6904966211653494
114,114,0.6933810382607366
115,115,0.6855674250588515
116,116,0.6559907540176215
117,117,0.7131798331681976
118,118,0.6896883728881553
119,119,0.5264458513698091
120,120,0.5207285225806563
121,121,0.5399540781410979
122,122,0.6009172401540693
123,123,0.5531993891172994
124,124,0.510671968370856
125,125,0.5555801362280376
126,126,0.5398381815607541
127,127,0.5513940324858712
128,128,0.5364379655081438
129,129,0.6532907233099703
130,130,0.4525859002901723
131,131,0.5752250547116842
132,132,0.546419008707706
133,133,0.4985746466840488
134,134,0.4566097891866131
135,135,0.5478555375889194
136,136,0.551087549399806
137,137,0.4410027388006168
138,138,0.5161780745515342
139,139,0.5128977102012637
140,140,0.6827402925429096
141,141,0.5078255845873042
142,142,0.7070224040254885
143,143,0.6784734657230287
144,144,0.7033121827052138
145,145,0.6821309939839179
146,146,0.6444460646598527
147,147,0.6840011197805933
148,148,0.6830365540765369
149,149,0.4788057580639859
150,150,0.6750965522385602
151,151,0.5840270458586855
152,152,0.5851780297773834
153,153,0.6013855242228167
154,154,0.6586229541479665
155,155,0.6757647480320098
156,156,0.6736393526869742
157,157,0.6827509750799788
158,158,0.6487025222369119
159,159,0.5389071485238874
160,160,0.5187240926119856
161,161,0.5508839484901117
162,162,0.480276339098508
163,163,0.4846541600299903
164,164,0.5879721356555248
165,165,0.5340206405206034
166,166,0.5137268348707489
167,167,0.5186125562121295
168,168,0.4916326786602936
169,169,0.6183310907770658
170,170,0.4791760295793648
171,171,0.5444725095678514
172,172,0.5956131905961783
173,173,0.4637156490573846
174,174,0.4639373901868358
175,175,0.4582936298366167
176,176,0.5730419501171767
177,177,0.4828743357465075
178,178,0.4986789177499415
179,179,0.5530917053294718
180,180,0.5413954668917209
181,181,0.5566487004254884
182,182,0.4836356179727142
183,183,0.5422539648966882
184,184,0.5364125644657795
185,185,0.5377278739512457
186,186,0.5311935317210267
187,187,0.5298179637930055
188,188,0.5389514899885689
189,189,0.5779251253095833
190,190,0.6563132429286159
191,191,0.6182512582213466
192,192,0.5010864438098224
193,193,0.7258286495062896
194,194,0.7325491184405516
195,195,0.6798017016545373
196,196,0.611669800956133
197,197,0.7327062552843521
198,198,0.6700916457335351
199,199,0.6856149309729727
200,200,0.5984612968473277
201,201,0.4739531819345604
202,202,0.537399992717254
203,203,0.6067489865955009
204,204,0.6057983907159185
205,205,0.59299647023211
206,206,0.5726206063013733
207,207,0.5732761023192645
208,208,0.595134305770943
209,209,0.6212515285453835
210,210,0.485737342965129
211,211,0.6624658416496018
212,212,0.5286491980753719
213,213,0.4842196119065857
214,214,0.4930039104595666
215,215,0.483964442889854
216,216,0.5099966474268981
217,217,0.4830471106370312
218,218,0.4843352383733721
219,219,0.614414227135383
220,220,0.641034949733031
221,221,0.657161477542394
222,222,0.6223826363191172
223,223,0.6413203670779304
224,224,0.6293982650766469
225,225,0.6408502715309853
226,226,0.5329817144266737
227,227,0.6299747126769494
228,228,0.6170852651245773
229,229,0.5893361818494343
230,230,0.5805731054056068
231,231,0.6482998333788677
232,232,0.5773592089704842
233,233,0.6152363949537425
234,234,0.6226903876288831
235,235,0.6278893895000969
236,236,0.609904848426459
237,237,0.6004877151818229
238,238,0.5639339107664461
239,239,0.629554757820309
240,240,0.5807581181938011
241,241,0.5551487528413894
242,242,0.5297118215556617
243,243,0.5818439487924165
244,244,0.5816321309791035
245,245,0.5783409122555625
246,246,0.5770591013995828
247,247,0.5840433263375341
248,248,0.5801465333711479
249,249,0.4653562004315531
250,250,0.6094416359871222
251,251,0.6905166751767536
252,252,0.5231619829598595
253,253,0.5768168691737754
254,254,0.6022762845059549
255,255,0.6081389783198824
256,256,0.6081669980103677
257,257,0.5571665735448299
258,258,0.5978908474196838
259,259,0.6770451325286253
260,260,0.5588725686688351
261,261,0.6267286438734387
262,262,0.4928297674543359
263,263,0.5472289066557977
264,264,0.5709849799552477
265,265,0.5556841866982657
266,266,0.5433987367923205
267,267,0.4984497141002962
268,268,0.5483801649363969
269,269,0.4768154294810142
270,270,0.6156627396677593
271,271,0.6212789839019657
272,272,0.5164718679488097
273,273,0.6389175056808636
274,274,0.6376747566634744
275,275,0.6435535979167807
276,276,0.6311587585735727
277,277,0.6335569183225437
278,278,0.6327727166901922
279,279,0.4582256439927843
280,280,0.432475998102629
281,281,0.5122402295406095
282,282,0.6705526901993565
283,283,0.4314633420162284
284,284,0.435996060213802
285,285,0.4329627102604385
286,286,0.4310280768511643
287,287,0.4361785332357726
288,288,0.4312868587951612
289,289,0.6041422288522591
290,290,0.4667367049694257
291,291,0.489301965381923
292,292,0.5098523286278213
293,293,0.5357791216961515
294,294,0.4703053547697914
295,295,0.4704299612608059
296,296,0.5332072900439505
297,297,0.4949541869531466
298,298,0.4725632315150734
299,299,0.5242214532871973
300,300,0.6184062585496615
301,301,0.4780976855735834
302,302,0.561848512309387
303,303,0.5749665310186813
304,304,0.6354267548947122
305,305,0.5078983305537984
306,306,0.710691878040808
307,307,0.6054203850528258
308,308,0.5861627290088655
309,309,0.492984693877551
310,310,0.5408275866357656
311,311,0.5467321931576581
312,312,0.5824400339340352
313,313,0.5792543028958235
314,314,0.6092816136062476
315,315,0.6589782553526653
316,316,0.5870909138874765
317,317,0.5773943448235149
318,318,0.6411062269757881
319,319,0.6360946745562132
320,320,0.5117214398790122
321,321,0.4956865623019384
322,322,0.4968656411640866
323,323,0.4623538372186151
324,324,0.4783585911430814
325,325,0.4909348543733166
326,326,0.4794547395671938
327,327,0.5212358082001578
328,328,0.4751168072770666
329,329,0.5043693262726949
330,330,0.4567856556375286
331,331,0.4384229438461856
332,332,0.465238143928164
333,333,0.5176839736522236
334,334,0.4892341428962603
335,335,0.4908745230715848
336,336,0.4824069621148254
337,337,0.4596941048490647
338,338,0.4899217227299621
339,339,0.4534648132927005
340,340,0.5514598869911655
341,341,0.6295849862009236
342,342,0.5174882928399545
343,343,0.547955643019837
344,344,0.584210022853416
345,345,0.5508454350066413
346,346,0.541151792081637
347,347,0.5439070338400673
348,348,0.5481744347306735
349,349,0.5470376763565972
350,350,0.6351496017993747
351,351,0.567891654460678
352,352,0.5261577000279456
353,353,0.6968030659197952
354,354,0.7009987248868348
355,355,0.735929895941577
356,356,0.6559893935581829
357,357,0.6735213154056718
358,358,0.6213134995980668
359,359,0.487110201962692
360,360,0.4836354153142995
361,361,0.6164789769231173
362,362,0.4733566780176534
363,363,0.4821536503103776
364,364,0.4803339103353616
365,365,0.481831051841651
366,366,0.4970797379878177
367,367,0.4798754571972508
368,368,0.4782050095556038
369,369,0.5242082042806953
370,370,0.5403621510400901
371,371,0.5376691824011616
372,372,0.6219806095785179
373,373,0.5310355737311373
374,374,0.5064047854821222
375,375,0.5349427094098371
376,376,0.4989047535730557
377,377,0.4951811921168421
378,378,0.5278901013333565
379,379,0.4896449704142012
380,380,0.672128495337964
381,381,0.4656733943448151
382,382,0.6431084571397234
383,383,0.6656547038545475
384,384,0.6547460487217464
385,385,0.6594764364830693
386,386,0.6678022354237898
387,387,0.6652384739388763
388,388,0.6589519629091994
389,389,0.4715265693704665
390,390,0.6385388700531909
391,391,0.5507137603250372
392,392,0.6242805132160634
393,393,0.6663101020089401
394,394,0.6569736976003873
395,395,0.6500981076473534
396,396,0.6225446594875426
397,397,0.6529388494371547
398,398,0.6519497579792325
399,399,0.6936542324515925
400,400,0.4579238054612611
401,401,0.6465194806433628
402,402,0.620052236496673
403,403,0.4510914301828349
404,404,0.4562533699348783
405,405,0.4625797275064858
406,406,0.4698486968166225
407,407,0.4847208115505906
408,408,0.4608400604944639
409,409,0.6522873775007809
410,410,0.5214229928530967
411,411,0.6102438860611512
412,412,0.5037676383475163
413,413,0.516188264805925
414,414,0.5206551986715993
415,415,0.520099658131673
416,416,0.4920927281981571
417,417,0.5142306758531504
418,418,0.5180660052452953
419,419,0.5565877250900947
420,420,0.5789833420209632
421,421,0.4620819887380185
422,422,0.4837789318685375
423,423,0.5685545649574419
424,424,0.61148524626224
425,425,0.5689297345486758
426,426,0.6861807969196734
427,427,0.5822807754196374
428,428,0.5923779936212688
429,429,0.6985932957580591
430,430,0.4727481618628515
431,431,0.4946352756574582
432,432,0.6741122662623775
433,433,0.4804544266084146
434,434,0.4739978454509254
435,435,0.4774405213225999
436,436,0.4812761940024839
437,437,0.4724792470351542
438,438,0.4764051969276306
439,439,0.5231301488502917
440,440,0.4969037615308025
441,441,0.5800019322836364
442,442,0.7028604579011901
443,443,0.4945259539579855
444,444,0.5034020167231291
445,445,0.5006766012814506
446,446,0.4981134290749215
447,447,0.5012679961695543
448,448,0.4956107352414583
449,449,0.7276407037510407
450,450,0.4682760896383717
451,451,0.473005905899829
452,452,0.4997684281992363
453,453,0.4683304568911297
454,454,0.454933042796314
455,455,0.4521050945002338
456,456,0.454791881274816
457,457,0.5021049155280357
458,458,0.4637468320024839
459,459,0.5218430142172358
460,460,0.62925676096644
461,461,0.6504582984192556
462,462,0.657606604896517
463,463,0.6266660375875472
464,464,0.6187087663072818
465,465,0.6338204147229152
466,466,0.644990406922249
467,467,0.6364198867962981
468,468,0.6489395404618155
469,469,0.6968336321533715
470,470,0.6276132370729299
471,471,0.6208320888469115
472,472,0.6361289283951694
473,473,0.4501686575598658
474,474,0.5593967985944186
475,475,0.646939412857063
476,476,0.5834859362205269
477,477,0.5883278152719837
478,478,0.6448695362889545
479,479,0.623459122013575
480,480,0.4617992293161702
481,481,0.4539170629156493
482,482,0.4827586206896552
483,483,0.4776651271652508
484,484,0.4899365419755199
485,485,0.4677764453972585
486,486,0.4309344852513861
487,487,0.4498531263952381
488,488,0.4595736611939497
489,489,0.4802571166207529
490,490,0.6501574444638127
491,491,0.5932481807900006
492,492,0.6136797446581128
493,493,0.6307792673375341
494,494,0.6443100508989538
495,495,0.6378280291545044
496,496,0.680942611954863
497,497,0.5992950395643233
498,498,0.6390672790718566
499,499,0.6871260393456777
500,500,0.551542847864992
501,501,0.499114485513407
502,502,0.6293785263052347
503,503,0.5322348453151525
504,504,0.5588175510396862
505,505,0.603626896552525
506,506,0.5751823361486368
507,507,0.6096495628532693
508,508,0.5750677535843851
509,509,0.5598736601228801
510,510,0.6361556020202301
511,511,0.6570295282314196
512,512,0.4821412449574033
513,513,0.6533874602138021
514,514,0.6444009803007172
515,515,0.6490519413979932
516,516,0.6474472616086951
517,517,0.6472338156304864
518,518,0.6497713114729985
519,519,0.5236424992111819
520,520,0.5403937780183712
521,521,0.5630480412566368
522,522,0.5553731340484747
523,523,0.5129335896058428
524,524,0.5153562669552841
525,525,0.5432444732748223
526,526,0.5366895677897994
527,527,0.5242214532871973
528,528,0.5415072690887955
529,529,0.480438969482534
530,530,0.4889222820404564
531,531,0.5107915993465144
532,532,0.5269865582764937
533,533,0.4901930144672865
534,534,0.4910727953269865
535,535,0.4919097145499183
536,536,0.4982971746487774
537,537,0.489241155974934
538,538,0.4915487717058945
539,539,0.5713004599177472
540,540,0.6245040728063578
541,541,0.7267552088889389
542,542,0.5865966645629885
543,543,0.6300231626190538
544,544,0.6424420788230678
545,545,0.6283525413626084
546,546,0.5916167253472021
547,547,0.6248111422262607
548,548,0.6397609834468934
549,549,0.5655587712734496
550,550,0.6636100087265004
551,551,0.5565440710907503
552,552,0.6127984897393658
553,553,0.6702653734975742
554,554,0.6748917255494866
555,555,0.6711850289036854
556,556,0.6818476666684612
557,557,0.6905674796500105
558,558,0.6599746433613833
559,559,0.5628483065776563
560,560,0.5416343431601753
561,561,0.5225084957691344
562,562,0.5156070456839483
563,563,0.4123805156048999
564,564,0.4547278157027357
565,565,0.6041098535014553
566,566,0.5257811921085791
567,567,0.5157654244768322
568,568,0.5487041600166912
569,569,0.5014354409926045
570,570,0.5136200613363981
571,571,0.635596444908504
572,572,0.5879422787311477
573,573,0.5093033904438125
574,574,0.5098588954504715
575,575,0.5144207384707649
576,576,0.5135535661009585
577,577,0.5157063393691993
578,578,0.5112777306140075
579,579,0.6783234461615152
580,580,0.4960013648789463
581,581,0.5526443755958884
582,582,0.4783251626523471
583,583,0.4958085580176036
584,584,0.4965298730904017
585,585,0.4942658193500773
586,586,0.4976415326764676
587,587,0.5025555000925138
588,588,0.4984044248018888
589,589,0.6554132994047501
590,590,0.680132052375981
591,591,0.5769021785611226
592,592,0.4953056825561734
593,593,0.6631171716367154
594,594,0.662147833155685
595,595,0.6774168436822583
596,596,0.6805199860588096
597,597,0.6924493245180383
598,598,0.6295155521861066
599,599,0.6414075549326456
600,600,0.4818531883946703
601,601,0.4964506707086141
602,602,0.6116333603388431
603,603,0.4798633591421904
604,604,0.4444247492743662
605,605,0.4653847544853088
606,606,0.4393018955602106
607,607,0.5405226604174428
608,608,0.4320627984993851
609,609,0.5729415004823615
610,610,0.543469749428923
611,611,0.684218318118405
612,612,0.5497591153618738
613,613,0.5086693871191884
614,614,0.5480035352296236
615,615,0.5136301401777297
616,616,0.5384253986070586
617,617,0.4865377985535336
618,618,0.5315933028997977
619,619,0.6524831273401175
620,620,0.6106026430467526
621,621,0.5807316949781556
622,622,0.7026140967323851
623,623,0.6384535869110161
624,624,0.6328237526266363
625,625,0.6949849165214933
626,626,0.5089843285325675
627,627,0.5551675389386808
628,628,0.5509418154905137
629,629,0.6335904999721312
630,630,0.530522499364227
631,631,0.6761951810520784
632,632,0.6916570081037121
633,633,0.5441205508672566
634,634,0.605004828658389
635,635,0.5156510371712394
636,636,0.5310722905843689
637,637,0.536192691107696
638,638,0.5416784856698683
639,639,0.6457684743408235
640,0,0.4830284543093406
641,1,0.4608774098424995
642,2,0.4822995756181061
643,3,0.5525671746375558
644,4,0.4679947856628592
645,5,0.5366818525117829
646,6,0.5101715661681187
647,7,0.4810927171424163
648,8,0.5089669219419677
649,9,0.5482148270443721
650,10,0.591348768306322
651,11,0.5089546059548251
652,12,0.5865134617574149
653,13,0.5894120494019154
654,14,0.5824062200927013
655,15,0.5907664148632599
656,16,0.5830428734018731
657,17,0.6171110526745812
658,18,0.605970334207589
659,19,0.5268253963389733
660,20,0.5545059734519282
661,21,0.5037056474428558
662,22,0.5322812420012527
663,23,0.5544380993816229
664,24,0.5613051627141368
665,25,0.5618409463637
666,26,0.5409840427719249
667,27,0.5372920628516253
668,28,0.567839904605707
669,29,0.5060433812107019
670,30,0.5544410809302334
671,31,0.7154045366396464
672,32,0.5837670571386558
673,33,0.582630959737098
674,34,0.617990305680109
675,35,0.591731806169995
676,36,0.6104949110822306
677,37,0.6376955907682208
678,38,0.6439749226736767
679,39,0.4886435116943091
680,40,0.5203575090389622
681,41,0.6334821487120667
682,42,0.5555199789945447
683,43,0.5105063822264554
684,44,0.4770126093872345
685,45,0.5049742517785035
686,46,0.524037328418406
687,47,0.4801616831099081
688,48,0.4792639627103324
689,49,0.5731882454072683
690,50,0.6101765415276148
691,51,0.6218179005995754
692,52,0.5219242182504581
693,53,0.6088565845279048
694,54,0.6199966260276855
695,55,0.6183505695440972
696,56,0.5128928951114137
697,57,0.5936875027051272
698,58,0.6005444212926436
699,59,0.4784893052057055
700,60,0.7273717356012646
701,61,0.6324458653217658
702,62,0.6391292508479645
703,63,0.6970666380904217
704,64,0.6936080905876134
705,65,0.7241272176258048
706,66,0.6459466428610345
707,67,0.704510193095317
708,68,0.7204910241207461
709,69,0.4777486438152251
710,70,0.6694975096058923
711,71,0.4674463398195028
712,72,0.6493436533113495
713,73,0.6849684164820885
714,74,0.6121447585701809
715,75,0.6486928921771067
716,76,0.7101487438050046
717,77,0.6127848039272702
718,78,0.6109812344193251
719,79,0.7023373114369194
720,80,0.522616633124946
721,81,0.5272727834500258
722,82,0.4731700541224332
723,83,0.5297395066011902
724,84,0.4944142329703304
725,85,0.5279926699774895
726,86,0.4561843895446196
727,87,0.5454816587807788
728,88,0.5113006807248893
729,89,0.606459941054072
730,90,0.5645840706498405
731,91,0.6641478347163162
732,92,0.5649634817780635
733,93,0.5764115357649204
734,94,0.5935130657242161
735,95,0.5612878488238398
736,96,0.5425199820300339
737,97,0.5845201996569599
738,98,0.5744947486544427
739,99,0.6766516040329266
740,100,0.5287398662808482
741,101,0.4841821246992431
742,102,0.4788666813738634
743,103,0.5330611663535599
744,104,0.5280946667781917
745,105,0.5304662497114345
746,106,0.529066903751227
747,107,0.5359615716397738
748,108,0.5303168514943997
749,109,0.6264738137539532
750,110,0.4820010964241364
751,111,0.4984845891398247
752,112,0.564056735684305
753,113,0.5308639269759683
754,114,0.5204095142451279
755,115,0.553422033666122
756,116,0.6152605640699377
757,117,0.4578469891369371
758,118,0.5250683686964913
759,119,0.7118175818622684
760,120,0.4711851942337745
761,121,0.470452269896487
762,122,0.6770776582140587
763,123,0.4562160793729405
764,124,0.4670917406329003
765,125,0.4531130241438189
766,126,0.460803865209044
767,127,0.453011874772286
768,128,0.4550420008728517
769,129,0.6079370452908313
770,130,0.489610802540228
771,131,0.6189938193598645
772,132,0.5272987649907596
773,133,0.4910253047685879
774,134,0.4910124830077287
775,135,0.490245371803558
776,136,0.4749299648007595
777,137,0.4949643305329978
778,138,0.4914102560546656
779,139,0.6268292282785449
780,140,0.6797427440496026
781,141,0.5171676464059993
782,142,0.5852535919478172
783,143,0.6770317691556481
784,144,0.6796387086470866
785,145,0.6190027414747798
786,146,0.6554001225759473
787,147,0.6868381150968957
788,148,0.6763803290306978
789,149,0.6213002789087929
790,150,0.6580710537159195
791,151,0.661001829253372
792,152,0.598188166321244
793,153,0.6692320010334765
794,154,0.7048591986948928
795,155,0.6333109726767416
796,156,0.6151720580800203
797,157,0.6848246870205543
798,158,0.7569680230994036
799,159,0.4894443244016341
800,160,0.4704888046153501
801,161,0.7383691910815544
802,162,0.4840816326530612
803,163,0.4587337513478453
804,164,0.5086169124414374
805,165,0.4736004923519729
806,166,0.4960469574318205
807,167,0.464008006317371
808,168,0.4988487119986619
809,169,0.5038704392332729
810,170,0.578928900101771
811,171,0.5134306220659055
812,172,0.5333333333333333
813,173,0.5780853154078723
814,174,0.5824047046370238
815,175,0.5822370701614124
816,176,0.561500294139081
817,177,0.533010177781096
818,178,0.566904050411798
819,179,0.4709423059665248
820,180,0.6570247933884297
821,181,0.5338526445309855
822,182,0.6570247933884297
823,183,0.6570247933884297
824,184,0.7029935120496251
825,185,0.6565092715597445
826,186,0.6563584020186382
827,187,0.6570247933884297
828,188,0.6570247933884297
829,189,0.6335397599612741
830,190,0.5290004232928404
831,191,0.6579392912549913
832,192,0.452
833,193,0.5329558746683621
834,194,0.5305396730862735
835,195,0.5397125619123447
836,196,0.476507276222636
837,197,0.5367525665911811
838,198,0.5438467533020307
839,199,0.5266171000911166
840,200,0.6214544817857255
841,201,0.5885307431880127
842,202,0.6749934204915228
843,203,0.6283413130343
844,204,0.6549315508146012
845,205,0.6192670341782954
846,206,0.6386705912950399
847,207,0.6196221304036144
848,208,0.645962639378029
849,209,0.5597402842411828
850,210,0.4798285508729245
851,211,0.6438197195631145
852,212,0.520929172273527
853,213,0.4759990005647653
854,214,0.4735006528748575
855,215,0.479476950821143
856,216,0.4808798818664531
857,217,0.467821952907012
858,218,0.4843905140047606
859,219,0.5816651294941338
860,220,0.5622367424041663
861,221,0.5818793673898907
862,222,0.564899929629924
863,223,0.5921391792908807
864,224,0.6134231256535688
865,225,0.5883314883578821
866,226,0.5575520120440867
867,227,0.5380995411315658
868,228,0.5561338938195219
869,229,0.4934460435307236
870,230,0.5914234564141392
871,231,0.5120310667041955
872,232,0.6170924549601848
873,233,0.5827593662681247
874,234,0.5873046977095244
875,235,0.6326447147668443
876,236,0.6205040320166368
877,237,0.5978129563525877
878,238,0.6293275978167149
879,239,0.5950790213917341
880,240,0.4703433922996878
881,241,0.7043853356657942
882,242,0.4777351113203121
883,243,0.5387523629489602
884,244,0.4703433922996878
885,245,0.4703433922996878
886,246,0.5661625708884688
887,247,0.5661625708884688
888,248,0.4703433922996878
889,249,0.6374168447253166
890,250,0.6863759575240561
891,251,0.5697146859202814
892,252,0.5912056230351445
893,253,0.6490780327380391
894,254,0.6773623516768463
895,255,0.6873179058417115
896,256,0.599612142036046
897,257,0.6273018389620135
898,258,0.6446690245255149
899,259,0.5725322032463167
900,260,0.5082658180256205
901,261,0.5691662806252668
902,262,0.4804731977266925
903,263,0.4951498695589825
904,264,0.507008931312205
905,265,0.508800766909313
906,266,0.5064173898726272
907,267,0.5222981836035517
908,268,0.4929643713388074
909,269,0.5187239380762463
910,270,0.6808097578691981
911,271,0.6377446061913784
912,272,0.4953401458093147
913,273,0.6871370117624419
914,274,0.7246643157567938
915,275,0.6869474000245712
916,276,0.6831109229394476
917,277,0.7117805036573841
918,278,0.6858778722568867
919,279,0.6387202434959129
920,280,0.5343465161037019
921,281,0.5905813206957624
922,282,0.6875428428861747
923,283,0.5216021817341213
924,284,0.5504374101183659
925,285,0.4938916613896728
926,286,0.601986329652998
927,287,0.5226782358975447
928,288,0.5231732924144387
929,289,0.5905776207535258
930,290,0.5334656987522316
931,291,0.5419923673765943
932,292,0.568155595042211
933,293,0.5095898825222005
934,294,0.5337820931977122
935,295,0.5350547719395251
936,296,0.5388184645439158
937,297,0.531462106665462
938,298,0.5240805904389279
939,299,0.5406847817241784
940,300,0.6495275745176805
941,301,0.6520625861547439
942,302,0.6322380956079832
943,303,0.6594597849056076
944,304,0.6271183355044427
945,305,0.6364833286802083
946,306,0.6655490425114163
947,307,0.6116284525019144
948,308,0.6617978363062602
949,309,0.6181409097582848
950,310,0.6505080080855286
951,311,0.6565107945591968
952,312,0.6755067118816359
953,313,0.6594080453998641
954,314,0.6548978338289217
955,315,0.650689274292789
956,316,0.6611538853566226
957,317,0.6654142132078802
958,318,0.6545092290955954
959,319,0.6650483431367987
960,320,0.5485906175011669
961,321,0.4966915343687021
962,322,0.4726361392073314
963,323,0.5487800442281974
964,324,0.579060089744297
965,325,0.5502189467227216
966,326,0.5527140029204998
967,327,0.6059159988024052
968,328,0.5441015832251312
969,329,0.5335438580489321
970,330,0.6942524298489084
971,331,0.6751973396257183
972,332,0.6069594743855379
973,333,0.7046702380958378
974,334,0.6771813724393925
975,335,0.7047923549380899
976,336,0.6901405898179469
977,337,0.6966737378962681
978,338,0.7181937437408561
979,339,0.6676492641669963
980,340,0.6153635295008739
981,341,0.503461873114452
982,342,0.4344389229324057
983,343,0.6387310887635763
984,344,0.5893687559977006
985,345,0.6452335161577999
986,346,0.5894982217282281
987,347,0.6275592923827312
988,348,0.6422791127415697
989,349,0.5699070542466421
990,350,0.6802446672766636
991,351,0.601717218282061
992,352,0.6147507310490137
993,353,0.6854578962191652
994,354,0.6984184417898373
995,355,0.7009940155339465
996,356,0.7011550957900166
997,357,0.6867908374547186
998,358,0.6751455656153926
999,359,0.6623471950220532
1000,360,0.4980969830528789
1001,361,0.5910453475181855
1002,362,0.5875156146988534
1003,363,0.5834649811251079
1004,364,0.4980341768865799
1005,365,0.5054478262691005
1006,366,0.5487239004183284
1007,367,0.5594722420456917
1008,368,0.5352919280539921
1009,369,0.6357928252918985
1010,370,0.4779363586058173
1011,371,0.7099627272991261
1012,372,0.5292315572868489
1013,373,0.4766018798769272
1014,374,0.474500358768279
1015,375,0.4797875122674501
1016,376,0.4567460341592805
1017,377,0.4907510722380274
1018,378,0.4767990881612237
1019,379,0.6387402764603525
1020,380,0.6225232581917298
1021,381,0.5081725078055461
1022,382,0.6220208145994822
1023,383,0.6238233503281462
1024,384,0.6425550450209991
1025,385,0.6160084095873911
1026,386,0.5746407411441858
1027,387,0.6184429765375626
1028,388,0.6231036364694937
1029,389,0.4944197985703168
1030,390,0.5735760589644096
1031,391,0.7028673481739873
1032,392,0.6205863772020175
1033,393,0.6023897078350086
1034,394,0.5736940738509348
1035,395,0.5842622988776871
1036,396,0.5960171356183853
1037,397,0.6934836208328369
1038,398,0.5893531290766174
1039,399,0.6500352121277412
1040,400,0.4773662551440328
1041,401,0.5811509429084697
1042,402,0.5537661991401144
1043,403,0.4703433922996878
1044,404,0.5903899910925104
1045,405,0.4931412894375857
1046,406,0.5699432892249527
1047,407,0.4704428159109031
1048,408,0.4871999999999999
1049,409,0.58566504480196
1050,410,0.6242233886748072
1051,411,0.5249040837411005
1052,412,0.6332071458258876
1053,413,0.5921271891147899
1054,414,0.7086790864558402
1055,415,0.6121823411049805
1056,416,0.6993340690181264
1057,417,0.6152199439813556
1058,418,0.6162786167526684
1059,419,0.6668623339809555
1060,420,0.4923237933666091
1061,421,0.5041762791775557
1062,422,0.4684172580029875
1063,423,0.4918408534974059
1064,424,0.4895095485639578
1065,425,0.4877152369757528
1066,426,0.488783836499051
1067,427,0.4936679000861307
1068,428,0.4956026335774945
1069,429,0.4731276678761253
1070,430,0.7303378217952539
1071,431,0.7557172477780872
1072,432,0.635221036676668
1073,433,0.7430136636064472
1074,434,0.7362692560431402
1075,435,0.7320777975185632
1076,436,0.6804652383498537
1077,437,0.7381989920246684
1078,438,0.7479458993018682
1079,439,0.5301005671686604
1080,440,0.5641233144527202
1081,441,0.548604883092974
1082,442,0.718144062056706
1083,443,0.5676570563543063
1084,444,0.5643924890340731
1085,445,0.5543311861815482
1086,446,0.5312129102216765
1087,447,0.5576100175491041
1088,448,0.5610063403536496
1089,449,0.5267616346041005
1090,450,0.6991879683683804
1091,451,0.6658625727770541
1092,452,0.5789744870497412
1093,453,0.6696338708919033
1094,454,0.6931006340626977
1095,455,0.6924472145281764
1096,456,0.6700388889261503
1097,457,0.7094087768451753
1098,458,0.6430099382568032
1099,459,0.6399925319412165
1100,460,0.5135342455500823
1101,461,0.6377826978639752
1102,462,0.5711754785966358
1103,463,0.520951317804555
1104,464,0.5326134992052097
1105,465,0.5325403345598372
1106,466,0.5335066015044251
1107,467,0.5326660327455897
1108,468,0.5994829807324091
1109,469,0.5538090449363386
1110,470,0.6511052718242776
1111,471,0.4961897287195715
1112,472,0.6263267473298197
1113,473,0.6619412872110938
1114,474,0.6386324337860977
1115,475,0.6458541990108604
1116,476,0.6189586707021577
1117,477,0.6431582383591169
1118,478,0.6643449469800615
1119,479,0.50716924122485
1120,480,0.4826989619377163
1121,481,0.5338644838364404
1122,482,0.4868827160493827
1123,483,0.4826989619377163
1124,484,0.4826989619377162
1125,485,0.4826989619377163
1126,486,0.4826989619377163
1127,487,0.4826989619377163
1128,488,0.4826989619377163
1129,489,0.6872901318840089
1130,490,0.6652047878753506
1131,491,0.6518980005548624
1132,492,0.5333333333333333
1133,493,0.6324547823402893
1134,494,0.6109957192648529
1135,495,0.6690403052472872
1136,496,0.507377255324637
1137,497,0.6389677205470685
1138,498,0.6639837167911916
1139,499,0.5394367704094638
1140,500,0.5547174841907494
1141,501,0.5441295718599115
1142,502,0.6035502958579881
1143,503,0.5581318505453605
1144,504,0.545869035026622
1145,505,0.5570807488155862
1146,506,0.5548715485403066
1147,507,0.5617874568837922
1148,508,0.5617384991434561
1149,509,0.7165390915318677
1150,510,0.634434832738378
1151,511,0.5510940594408691
1152,512,0.6089965397923875
1153,513,0.6168683665246419
1154,514,0.6112026447463302
1155,515,0.6128389926045241
1156,516,0.681859919113773
1157,517,0.6409642266093168
1158,518,0.6154244560330846
1159,519,0.5077355852146203
1160,520,0.537857009762744
1161,521,0.4919347150562877
1162,522,0.5780743480119467
1163,523,0.5403544680374751
1164,524,0.4817768560731963
1165,525,0.5394524293192975
1166,526,0.5356350295750417
1167,527,0.4963479109710944
1168,528,0.5391294244497323
1169,529,0.5653737662994581
1170,530,0.577834159724
1171,531,0.43174288336067
1172,532,0.527343191224589
1173,533,0.6007452587986795
1174,534,0.5903275245327986
1175,535,0.5459837915422538
1176,536,0.5280752223069727
1177,537,0.6273444832648295
1178,538,0.5692876749301926
1179,539,0.6245648967884615
1180,540,0.6321805808749763
1181,541,0.6334100848977166
1182,542,0.5966667920631222
1183,543,0.6417344630528802
1184,544,0.6430710712793042
1185,545,0.6316137611001122
1186,546,0.696617217319839
1187,547,0.6495387652547853
1188,548,0.6509329968913694
1189,549,0.5055504526200035
1190,550,0.595446177794136
1191,551,0.631195217066659
1192,552,0.4609021081886231
1193,553,0.5789082975012984
1194,554,0.6034286198541629
1195,555,0.5867173164803754
1196,556,0.5244384574697762
1197,557,0.5794059627664253
1198,558,0.5858070673026908
1199,559,0.5422401634789603
1200,560,0.4959695049528165
1201,561,0.5659232784201425
1202,562,0.4909342920305508
1203,563,0.4911937069175864
1204,564,0.4547257092219005
1205,565,0.5213802778333583
1206,566,0.4743571947255673
1207,567,0.4927804687394497
1208,568,0.4705029774438247
1209,569,0.4484228105731324
1210,570,0.5720883011710289
1211,571,0.4847788950152957
1212,572,0.535062631720851
1213,573,0.5640297573188015
1214,574,0.5476864878158385
1215,575,0.5714223953082513
1216,576,0.6088194030415497
1217,577,0.5714249783901162
1218,578,0.5761187394297018
1219,579,0.5542082457766744
1220,580,0.5548901610914629
1221,581,0.597300388650715
1222,582,0.4951574172462911
1223,583,0.563507503810837
1224,584,0.5520194047350527
1225,585,0.5604851035359546
1226,586,0.589408152108816
1227,587,0.5302213344217547
1228,588,0.5567172905779597
1229,589,0.540153118774316
1230,590,0.5140080602051587
1231,591,0.513558762911659
1232,592,0.4851945808507359
1233,593,0.5516250567833287
1234,594,0.5527722579228115
1235,595,0.4644076772626086
1236,596,0.5338743528577784
1237,597,0.5916716550313891
1238,598,0.5513064449449181
1239,599,0.4826989619377162
1240,600,0.4756902212916467
1241,601,0.6795706506290183
1242,602,0.5809270961450671
1243,603,0.4708176020762261
1244,604,0.4817381964006926
1245,605,0.4814430720551267
1246,606,0.4728660667009383
1247,607,0.4708678588396538
1248,608,0.4718872653714068
1249,609,0.5865980017850901
1250,610,0.4457609762552361
1251,611,0.5985601793547881
1252,612,0.5702673469701389
1253,613,0.4409670917062745
1254,614,0.476447132511325
1255,615,0.4390869817003781
1256,616,0.6170194679675065
1257,617,0.3998088995312484
1258,618,0.4543989025760392
1259,619,0.4942598510290218
1260,620,0.5452025934934834
1261,621,0.5915606316068802
1262,622,0.6451389193599742
1263,623,0.6337752246630266
1264,624,0.5489648517863179
1265,625,0.5715910404504663
1266,626,0.5408307510055262
1267,627,0.6447818470651256
1268,628,0.5473926548708872
1269,629,0.5869504920459715
1270,630,0.5858207061689487
1271,631,0.4821566254506366
1272,632,0.5953683607750796
1273,633,0.5678691306614793
1274,634,0.6389825610944413
1275,635,0.6619082944671042
1276,636,0.6234609492286837
1277,637,0.6143049516044253
1278,638,0.6352436907029924
1279,639,0.4671829394027871
1280,0,0.5924384642535501
1281,1,0.6030360055875905
1282,2,0.5479341985478716
1283,3,0.6586958163765803
1284,4,0.6134187758160208
1285,5,0.6373986269494387
1286,6,0.7328452478561488
1287,7,0.706451664538747
1288,8,0.5350706238588286
1289,9,0.673159569247512
1290,10,0.4902946127939311
1291,11,0.5620752856252942
1292,12,0.5407630959685178
1293,13,0.4902029136942815
1294,14,0.4956830389082952
1295,15,0.4947289446641346
1296,16,0.4939428488398423
1297,17,0.4837373888495526
1298,18,0.4904047906186368
1299,19,0.527314120544369
1300,20,0.6271030802152334
1301,21,0.5933077356784007
1302,22,0.6303442174444682
1303,23,0.6320788064919832
1304,24,0.6338758277169076
1305,25,0.6306500210975102
1306,26,0.5772972903511489
1307,27,0.6305523357988141
1308,28,0.632048828285249
1309,29,0.4699816637850785
1310,30,0.6013661508599086
1311,31,0.4796266465427408
1312,32,0.6522760566629375
1313,33,0.6447454579305053
1314,34,0.5898230799915545
1315,35,0.6703320001914523
1316,36,0.5633715876932325
1317,37,0.6793775025681992
1318,38,0.6214186337262191
1319,39,0.6386787231573279
1320,40,0.4924507869263324
1321,41,0.491192346933998
1322,42,0.5246450220146494
1323,43,0.4899913951547447
1324,44,0.4829588556867776
1325,45,0.4902452503742923
1326,46,0.4942393230901544
1327,47,0.4952267294350267
1328,48,0.4920510047242183
1329,49,0.4520677560876943
1330,50,0.4791811850002573
1331,51,0.5068007893812043
1332,52,0.6419258448037859
1333,53,0.4823157651075934
1334,54,0.4828746843373916
1335,55,0.5137967778090862
1336,56,0.4865762451341408
1337,57,0.4984498449379504
1338,58,0.5090205062264662
1339,59,0.6022273754945718
1340,60,0.5898896872665185
1341,61,0.6296239975110912
1342,62,0.5344239570674734
1343,63,0.598861275350877
1344,64,0.5923398523961234
1345,65,0.592021606067326
1346,66,0.6501883475082686
1347,67,0.6464670324832977
1348,68,0.6186796082685859
1349,69,0.5220116248347118
1350,70,0.7057635672987491
1351,71,0.7064985473999
1352,72,0.531412420643999
1353,73,0.7143467528897289
1354,74,0.6553700410308932
1355,75,0.6416820185010196
1356,76,0.646065495257211
1357,77,0.7261613988962821
1358,78,0.6421732410682455
1359,79,0.4443359375
1360,80,0.5010768761958369
1361,81,0.5071586698141799
1362,82,0.6640699123552762
1363,83,0.4973991313930738
1364,84,0.4796085295532174
1365,85,0.4763414637742694
1366,86,0.4601025674264146
1367,87,0.5004469498105586
1368,88,0.4999871135340823
1369,89,0.5910151134676748
1370,90,0.606353489818081
1371,91,0.6648009839638557
1372,92,0.61375701952955
1373,93,0.5914080593139664
1374,94,0.5629487089111902
1375,95,0.6080047400249509
1376,96,0.505565479922975
1377,97,0.6013801624634246
1378,98,0.6077714701710695
1379,99,0.4992877688399104
1380,100,0.5351304534455297
1381,101,0.6830334326547032
1382,102,0.5193809295591653
1383,103,0.5418803512250705
1384,104,0.5347153970458378
1385,105,0.5451615111037613
1386,106,0.6201658992318396
1387,107,0.5030178757206398
1388,108,0.5535585899747834
1389,109,0.6211600814341144
1390,110,0.5854489242617583
1391,111,0.6629497874524133
1392,112,0.7548714241801652
1393,113,0.5993481113601878
1394,114,0.5937030146064544
1395,115,0.5923652395985576
1396,116,0.5015254962743024
1397,117,0.5954009670258575
1398,118,0.589130895207262
1399,119,0.5492378656527575
1400,120,0.4905996550631792
1401,121,0.6424600381652572
1402,122,0.446241014218282
1403,123,0.4471702611879312
1404,124,0.492746825390514
1405,125,0.4913928579643118
1406,126,0.4960887831264036
1407,127,0.4792057413215387
1408,128,0.4697570566785267
1409,129,0.619862784700504
1410,130,0.5768822119946475
1411,131,0.5657706861590884
1412,132,0.5548575985245259
1413,133,0.5931314027984215
1414,134,0.5781988740504855
1415,135,0.6235700177884579
1416,136,0.5496550778241704
1417,137,0.5930623731493045
1418,138,0.6066007958620772
1419,139,0.5837001771531913
1420,140,0.6002960959137786
1421,141,0.6139199889316469
1422,142,0.6265676247634018
1423,143,0.5411552439795414
1424,144,0.5940486315839901
1425,145,0.5619016822759645
1426,146,0.6270495803362128
1427,147,0.5487326799796353
1428,148,0.5711371303619155
1429,149,0.6739580234785176
1430,150,0.6240703272270365
1431,151,0.4932788747541038
1432,152,0.4749719059843172
1433,153,0.5456744047867489
1434,154,0.552290214342382
1435,155,0.6427578555285931
1436,156,0.6058506262568721
1437,157,0.5563177620422384
1438,158,0.5966311028104011
1439,159,0.6256979202884715
1440,160,0.5589054128734086
1441,161,0.4978224853264304
1442,162,0.7056787364754649
1443,163,0.5425924510897138
1444,164,0.5742387586685473
1445,165,0.5808867750160672
1446,166,0.5632021629967752
1447,167,0.5813587388589181
1448,168,0.542614785057277
1449,169,0.6157719908353332
1450,170,0.6923720404862318
1451,171,0.7378993305946794
1452,172,0.6342636087990119
1453,173,0.6832199609048052
1454,174,0.6958459487747812
1455,175,0.6931978398194303
1456,176,0.6797922885074454
1457,177,0.6931456960907723
1458,178,0.6748098960124916
1459,179,0.5972884306821644
1460,180,0.5624544032509737
1461,181,0.492264
1462,182,0.5989740294491338
1463,183,0.5446597750659325
1464,184,0.5439983542307065
1465,185,0.5589721405635959
1466,186,0.5533710624728344
1467,187,0.564887224979309
1468,188,0.5469074822202153
1469,189,0.5661625708884688
1470,190,0.68856453935383
1471,191,0.6362684997423962
1472,192,0.5439399099408369
1473,193,0.683241971148346
1474,194,0.6434162260039048
1475,195,0.6565081470330172
1476,196,0.6634491697864999
1477,197,0.6301976285242967
1478,198,0.6716162271855609
1479,199,0.6475648467029771
1480,200,0.5227400524122544
1481,201,0.4875148632580262
1482,202,0.5246883728167284
1483,203,0.5591335853373757
1484,204,0.5329552012254665
1485,205,0.5577733023663349
1486,206,0.6069483506402015
1487,207,0.5239220675328997
1488,208,0.5234691313812898
1489,209,0.55671435478862
1490,210,0.4843953802279483
1491,211,0.6288990148994411
1492,212,0.5460063331711493
1493,213,0.4857476729878675
1494,214,0.486843879803694
1495,215,0.4852474847611557
1496,216,0.4893780211083188
1497,217,0.4835356861919258
1498,218,0.4848525172943982
1499,219,0.6839323472804225
1500,220,0.5326475414932001
1501,221,0.5366209702272156
1502,222,0.6680877582954339
1503,223,0.5436682978853358
1504,224,0.5393653283716833
1505,225,0.5513980808767883
1506,226,0.5931350404387701
1507,227,0.5735562022054119
1508,228,0.5596265101761698
1509,229,0.4890439269801299
1510,230,0.6222858235834723
1511,231,0.6638290863198363
1512,232,0.4705052978456754
1513,233,0.6226635405838608
1514,234,0.642440819519019
1515,235,0.6212044167289739
1516,236,0.6584658928662575
1517,237,0.5904691566397898
1518,238,0.6107095375102123
1519,239,0.5224290427710632
1520,240,0.4137002180060743
1521,241,0.5007217812836382
1522,242,0.6569851973260519
1523,243,0.5449999999999999
1524,244,0.6092441629999841
1525,245,0.5053507728894174
1526,246,0.492984693877551
1527,247,0.4802571166207529
1528,248,0.4960603542173317
1529,249,0.5283091279532214
1530,250,0.6289672797484049
1531,251,0.5585939719116365
1532,252,0.7085555608731602
1533,253,0.6578453505312806
1534,254,0.6574551681575802
1535,255,0.7100752173263633
1536,256,0.636094674556213
1537,257,0.6570247933884297
1538,258,0.656762319807079
1539,259,0.576903996296897
1540,260,0.5041111982736686
1541,261,0.5315916965226617
1542,262,0.5211560451826709
1543,263,0.5071587431980303
1544,264,0.4994090970200355
1545,265,0.5023155095763135
1546,266,0.5015588440236671
1547,267,0.5025209551309624
1548,268,0.4999377839485023
1549,269,0.5219270584280162
1550,270,0.6731363353446764
1551,271,0.6419760157418658
1552,272,0.6022365170043285
1553,273,0.6814518486832166
1554,274,0.7009073528090884
1555,275,0.6698648626245058
1556,276,0.6697829935955575
1557,277,0.6888475136333853
1558,278,0.6628469030813956
1559,279,0.6552723353144146
1560,280,0.4548130801902868
1561,281,0.482739748597537
1562,282,0.4692348504224106
1563,283,0.4674425804254949
1564,284,0.5712802133764497
1565,285,0.5406880123417384
1566,286,0.4636365706531882
1567,287,0.4754356490915614
1568,288,0.4809252244465317
1569,289,0.6149690052686427
1570,290,0.5470519324635883
1571,291,0.7199939822747635
1572,292,0.4867710149295214
1573,293,0.5450916899627953
1574,294,0.553563322443083
1575,295,0.5330390435636692
1576,296,0.602719425080809
1577,297,0.5330781025187803
1578,298,0.5429382987519428
1579,299,0.589875382664039
1580,300,0.6260414611879371
1581,301,0.4505555555555555
1582,302,0.6813046578571598
1583,303,0.5554353590842138
1584,304,0.6268589644698388
1585,305,0.5868478523179967
1586,306,0.5241878407812208
1587,307,0.5527711625029796
1588,308,0.5898812029618384
1589,309,0.5986761308531274
1590,310,0.5147671745733086
1591,311,0.6440540789938973
1592,312,0.4758048163777032
1593,313,0.5179973808326855
1594,314,0.6114340984771431
1595,315,0.5161526358925598
1596,316,0.5570046462787954
1597,317,0.5141442666321884
1598,318,0.5124874095907637
1599,319,0.6377025233870267
1600,320,0.498858263774709
1601,321,0.5712782271661663
1602,322,0.6697331212157425
1603,323,0.4684700659302259
1604,324,0.4881844835031436
1605,325,0.4718596300826013
1606,326,0.4738310329399788
1607,327,0.4914276872213048
1608,328,0.4698900091915002
1609,329,0.6907240367807185
1610,330,0.6648151065192125
1611,331,0.5085674475445453
1612,332,0.6221291720944004
1613,333,0.6643663388401291
1614,334,0.6806884020709105
1615,335,0.6633652552739673
1616,336,0.6711846388860403
1617,337,0.6196154514509263
1618,338,0.6642683994316347
1619,339,0.4942345537084557
1620,340,0.6386217954632804
1621,341,0.61940563077334
1622,342,0.5679366147803647
1623,343,0.6374810952120649
1624,344,0.6452445261682869
1625,345,0.6423920447559452
1626,346,0.6975442060082528
1627,347,0.6396128441456536
1628,348,0.6409545397796086
1629,349,0.6918195247826497
1630,350,0.6212103809395162
1631,351,0.60788545438242
1632,352,0.6886054451945387
1633,353,0.6491687201819472
1634,354,0.6228034201648864
1635,355,0.6403423169159039
1636,356,0.6515967135258457
1637,357,0.6233693490784854
1638,358,0.623141797852641
1639,359,0.6902340225882243
1640,360,0.5300753580878147
1641,361,0.6549783647789469
1642,362,0.5637621254210727
1643,363,0.5269389772172254
1644,364,0.5273568750042662
1645,365,0.5337579776325807
1646,366,0.5789781431258867
1647,367,0.5246306129255012
1648,368,0.5284623208968603
1649,369,0.6448149102926453
1650,370,0.4777619448606778
1651,371,0.6369637607485702
1652,372,0.634053526389646
1653,373,0.4775363211968937
1654,374,0.4909204096425255
1655,375,0.47768299940488
1656,376,0.479059988455532
1657,377,0.4718459473113312
1658,378,0.4774647013355306
1659,379,0.6114000334907435
1660,380,0.5341760174841441
1661,381,0.4753152876549586
1662,382,0.6029014440415624
1663,383,0.5290112408685697
1664,384,0.6064785804050399
1665,385,0.534498968588255
1666,386,0.6000152251778449
1667,387,0.5409039743017529
1668,388,0.5328644377275706
1669,389,0.5901043763105105
1670,390,0.6041090000858482
1671,391,0.5541955073689204
1672,392,0.4703433922996878
1673,393,0.6188112318366126
1674,394,0.5694117106295468
1675,395,0.5858671906883404
1676,396,0.5496408245323946
1677,397,0.5775159062930566
1678,398,0.6121481549998007
1679,399,0.6647028291827515
1680,400,0.4815386435087708
1681,401,0.5632850943666181
1682,402,0.5689998667615708
1683,403,0.4815501917685537
1684,404,0.4710715671570648
1685,405,0.4815770538219081
1686,406,0.4815227956264232
1687,407,0.4816026041994324
1688,408,0.4815566780752577
1689,409,0.5641623852269477
1690,410,0.5953833160396046
1691,411,0.6359553680657315
1692,412,0.6359584067501151
1693,413,0.5995093545095551
1694,414,0.6133446384167368
1695,415,0.612101578562799
1696,416,0.6854080206932933
1697,417,0.586111397705403
1698,418,0.6129643838519768
1699,419,0.554426300710016
1700,420,0.4924848448170729
1701,421,0.5073689735686711
1702,422,0.488754308034261
1703,423,0.4905017042606739
1704,424,0.4974462949845799
1705,425,0.4898917344090112
1706,426,0.4973867386863069
1707,427,0.5096419966264624
1708,428,0.498771987825114
1709,429,0.5359651695661793
1710,430,0.6490938910629596
1711,431,0.5102176802533418
1712,432,0.6242036931571548
1713,433,0.6465720677599587
1714,434,0.6994111751130239
1715,435,0.6995379241744665
1716,436,0.6666404089684557
1717,437,0.66181903521374
1718,438,0.6187842438715982
1719,439,0.4524866507659952
1720,440,0.507698093122123
1721,441,0.4871871206976631
1722,442,0.4795045811752485
1723,443,0.5675082574567957
1724,444,0.5287115256749708
1725,445,0.5434014013895869
1726,446,0.5259226585107579
1727,447,0.5202157575148223
1728,448,0.5393483282814566
1729,449,0.5095177744251349
1730,450,0.4861010343916233
1731,451,0.4776416290521063
1732,452,0.4929788549710119
1733,453,0.4866281190450719
1734,454,0.4922981937408104
1735,455,0.4870480112087613
1736,456,0.4693710675190893
1737,457,0.4793606746290583
1738,458,0.4859262979233787
1739,459,0.5046862340202309
1740,460,0.6691263786268102
1741,461,0.6404632240966631
1742,462,0.4897346089171147
1743,463,0.6644520168150229
1744,464,0.6531783472438437
1745,465,0.6726836161195802
1746,466,0.6775738116389098
1747,467,0.6775884994505266
1748,468,0.6848785206815244
1749,469,0.5790665959079526
1750,470,0.6396108016423638
1751,471,0.6503167173376457
1752,472,0.4777184205122641
1753,473,0.693960726085649
1754,474,0.6941504849387514
1755,475,0.6213354573629384
1756,476,0.6118266655693784
1757,477,0.6109653484553531
1758,478,0.636045386439982
1759,479,0.5248886126834356
1760,480,0.5225615407022253
1761,481,0.4527445158248044
1762,482,0.5842650482584932
1763,483,0.4787242054172017
1764,484,0.5537887736835312
1765,485,0.5097454221305859
1766,486,0.4930713399643642
1767,487,0.4937532740157813
1768,488,0.4798671145593801
1769,489,0.5919357504092165
1770,490,0.5754184514925176
1771,491,0.5594131542900925
1772,492,0.6958381774758866
1773,493,0.5532302443475876
1774,494,0.5728244762913871
1775,495,0.5746905074261305
1776,496,0.5685600603747627
1777,497,0.5273547544733376
1778,498,0.5723697323021903
1779,499,0.6648192439332132
1780,500,0.5432382016239952
1781,501,0.6073489380988942
1782,502,0.6620388239625496
1783,503,0.5613918962136885
1784,504,0.5461338350579592
1785,505,0.5403671551231328
1786,506,0.5346547983401788
1787,507,0.5139519367348215
1788,508,0.5537007374253038
1789,509,0.622446517383531
1790,510,0.6840078148820595
1791,511,0.6187129606317759
1792,512,0.6012818774807753
1793,513,0.6767310119519226
1794,514,0.6809223236461314
1795,515,0.6683890022623218
1796,516,0.5785835205937093
1797,517,0.6593590439711333
1798,518,0.6470499635403104
1799,519,0.6261396600550875
1800,520,0.5252895726615422
1801,521,0.5205146387156424
1802,522,0.4797050095846957
1803,523,0.5486254497552028
1804,524,0.5570464285320444
1805,525,0.5862949130026094
1806,526,0.5239343405981651
1807,527,0.5510235650678815
1808,528,0.5374450596445282
1809,529,0.5270458416230248
1810,530,0.5977917690105419
1811,531,0.6502714381016771
1812,532,0.4817684380108643
1813,533,0.5951827383297654
1814,534,0.6181457243395189
1815,535,0.6048780280416362
1816,536,0.5188037083456679
1817,537,0.5914652960288418
1818,538,0.5852477151569067
1819,539,0.6430865551348343
1820,540,0.6301737169864335
1821,541,0.4802571166207529
1822,542,0.5115838313071345
1823,543,0.6425895238618982
1824,544,0.621159530161447
1825,545,0.6157328214105631
1826,546,0.6286726061876768
1827,547,0.6758590583262492
1828,548,0.6322635545440873
1829,549,0.6064040740999617
1830,550,0.6466594809794317
1831,551,0.7172970749012033
1832,552,0.6026895774607683
1833,553,0.6070112837065611
1834,554,0.567808429506326
1835,555,0.5780814269068353
1836,556,0.5847142517114975
1837,557,0.6038518069917922
1838,558,0.592868114290785
1839,559,0.6604337935070689
1840,560,0.5565936932623106
1841,561,0.5047405129319603
1842,562,0.6103215685253537
1843,563,0.5629372603482868
1844,564,0.5526130448959521
1845,565,0.5496891000430463
1846,566,0.4602152650854363
1847,567,0.5230855748059828
1848,568,0.5540221182305051
1849,569,0.4532063350962831
1850,570,0.659487716140117
1851,571,0.6949641604411163
1852,572,0.5392604984782347
1853,573,0.6517626578269705
1854,574,0.6383137675540744
1855,575,0.6475786730493044
1856,576,0.6016666135433514
1857,577,0.6679689302052184
1858,578,0.6399019499878241
1859,579,0.5250565810941532
1860,580,0.5214989502818831
1861,581,0.4703433922996878
1862,582,0.5319529204313949
1863,583,0.5510878415243177
1864,584,0.5475807247715776
1865,585,0.5215592651419749
1866,586,0.5649057641444427
1867,587,0.5148384687100696
1868,588,0.5391079366940875
1869,589,0.4658564768912968
1870,590,0.6367581576128183
1871,591,0.6538773244654744
1872,592,0.6425471471587352
1873,593,0.6236115986241628
1874,594,0.6331287733585054
1875,595,0.645526422022513
1876,596,0.6211895683694229
1877,597,0.6502491890145361
1878,598,0.6365744355335042
1879,599,0.4862589191094412
1880,600,0.4701116003993311
1881,601,0.4826989619377162
1882,602,0.4768791135810813
1883,603,0.5718145383939972
1884,604,0.4761379604230026
1885,605,0.4773795162263388
1886,606,0.4668785215800575
1887,607,0.4912867078415421
1888,608,0.4777119698137127
1889,609,0.5244312010927522
1890,610,0.571699129438374
1891,611,0.618308422561114
1892,612,0.7150796988017586
1893,613,0.562211635469618
1894,614,0.5471673084099151
1895,615,0.6274532808598074
1896,616,0.551627352130857
1897,617,0.6183998739936678
1898,618,0.5374186933089969
1899,619,0.5316223381952911
1900,620,0.7182016677593878
1901,621,0.581476128811278
1902,622,0.7104261312211239
1903,623,0.6701915633690179
1904,624,0.655989703616646
1905,625,0.7183074219238371
1906,626,0.6939716853828191
1907,627,0.7198803971697539
1908,628,0.6348792269161909
1909,629,0.4664959655816733
1910,630,0.6189315257509733
1911,631,0.7065628624745321
1912,632,0.5702671336262038
1913,633,0.6194371130320646
1914,634,0.6150682068669183
1915,635,0.6249884633988134
1916,636,0.6653262833815486
1917,637,0.6186820027688178
1918,638,0.6181260756241966
1919,639,0.5268942831134874
1920,0,0.4747474747474747
1921,1,0.4868827160493827
1922,2,0.4747474747474748
1923,3,0.4747474747474747
1924,4,0.4747474747474748
1925,5,0.4747474747474747
1926,6,0.4747474747474748
1927,7,0.4747474747474747
1928,8,0.4747474747474747
1929,9,0.4868827160493827
1930,10,0.4868827160493827
1931,11,0.4868827160493827
1932,12,0.52587890625
1933,13,0.4807098765432099
1934,14,0.4868827160493827
1935,15,0.4868827160493827
1936,16,0.4868827160493827
1937,17,0.4868827160493827
1938,18,0.4868827160493827
1939,19,0.52587890625
1940,20,0.52587890625
1941,21,0.525704357357339
1942,22,0.52587890625
1943,23,0.52587890625
1944,24,0.52587890625
1945,25,0.52587890625
1946,26,0.52587890625
1947,27,0.52587890625
1948,28,0.52587890625
1949,29,0.5258213514655488
1950,30,0.4868827160493827
1951,31,0.4868827160493827
1952,32,0.4868827160493827
1953,33,0.4868827160493827
1954,34,0.4868827160493827
1955,35,0.4868827160493827
1956,36,0.4868827160493827
1957,37,0.4868827160493827
1958,38,0.4868827160493827
1959,39,0.4868827160493827
1960,40,0.52587890625
1961,41,0.52587890625
1962,42,0.52587890625
1963,43,0.52587890625
1964,44,0.52587890625
1965,45,0.52587890625
1966,46,0.52587890625
1967,47,0.52587890625
1968,48,0.52587890625
1969,49,0.52587890625
1970,50,0.52587890625
1971,51,0.4868827160493827
1972,52,0.52587890625
1973,53,0.52587890625
1974,54,0.52587890625
1975,55,0.52587890625
1976,56,0.52587890625
1977,57,0.52587890625
1978,58,0.52587890625
1979,59,0.4868827160493827
1980,60,0.52587890625
1981,61,0.4868827160493827
1982,62,0.52587890625
1983,63,0.52587890625
1984,64,0.52587890625
1985,65,0.52587890625
1986,66,0.52587890625
1987,67,0.52587890625
1988,68,0.52587890625
1989,69,0.4868827160493827
1990,70,0.4868827160493827
1991,71,0.4868827160493827
1992,72,0.52587890625
1993,73,0.4868827160493827
1994,74,0.4868827160493827
1995,75,0.4868827160493827
1996,76,0.4868827160493827
1997,77,0.4868827160493827
1998,78,0.4868827160493827
1999,79,0.52587890625
2000,80,0.4868827160493827
2001,81,0.52587890625
2002,82,0.4868827160493827
2003,83,0.4868827160493827
2004,84,0.4868827160493827
2005,85,0.4868827160493827
2006,86,0.4868827160493827
2007,87,0.4868827160493827
2008,88,0.4868827160493827
2009,89,0.52587890625
2010,90,0.4868827160493827
2011,91,0.4868827160493827
2012,92,0.52587890625
2013,93,0.4868827160493827
2014,94,0.4868827160493827
2015,95,0.4868827160493827
2016,96,0.4868827160493827
2017,97,0.4868827160493827
2018,98,0.4868827160493827
2019,99,0.52587890625
2020,100,0.52587890625
2021,101,0.4868827160493827
2022,102,0.52587890625
2023,103,0.52587890625
2024,104,0.52587890625
2025,105,0.52587890625
2026,106,0.52587890625
2027,107,0.52587890625
2028,108,0.52587890625
2029,109,0.4868827160493827
2030,110,0.4868827160493827
2031,111,0.4877154581352588
2032,112,0.4868827160493827
2033,113,0.487272705560402
2034,114,0.4869793066868594
2035,115,0.4875235463299084
2036,116,0.4869152391739749
2037,117,0.4870770610676928
2038,118,0.4871105712346882
2039,119,0.4868827160493827
2040,120,0.4868827160493827
2041,121,0.4807098765432098
2042,122,0.52587890625
2043,123,0.4868827160493827
2044,124,0.4868827160493827
2045,125,0.4868827160493827
2046,126,0.4868827160493827
2047,127,0.4868827160493827
2048,128,0.4868827160493827
2049,129,0.52587890625
2050,130,0.4868827160493827
2051,131,0.4868827160493827
2052,132,0.52587890625
2053,133,0.4868827160493827
2054,134,0.4868827160493827
2055,135,0.4868827160493827
2056,136,0.4868827160493827
2057,137,0.4868827160493827
2058,138,0.4868827160493827
2059,139,0.52587890625
2060,140,0.52587890625
2061,141,0.52587890625
2062,142,0.4868827160493827
2063,143,0.52587890625
2064,144,0.52587890625
2065,145,0.52587890625
2066,146,0.52587890625
2067,147,0.52587890625
2068,148,0.52587890625
2069,149,0.52587890625
2070,150,0.4868827160493827
2071,151,0.4868827160493827
2072,152,0.4868827160493827
2073,153,0.4868827160493827
2074,154,0.4868827160493827
2075,155,0.4868827160493827
2076,156,0.4868827160493827
2077,157,0.4868827160493827
2078,158,0.4868827160493827
2079,159,0.52587890625
2080,160,0.52587890625
2081,161,0.52587890625
2082,162,0.4868827160493827
2083,163,0.52587890625
2084,164,0.52587890625
2085,165,0.52587890625
2086,166,0.52587890625
2087,167,0.52587890625
2088,168,0.52587890625
2089,169,0.4868827160493827
2090,170,0.52587890625
2091,171,0.52587890625
2092,172,0.52587890625
2093,173,0.52587890625
2094,174,0.52587890625
2095,175,0.52587890625
2096,176,0.52587890625
2097,177,0.52587890625
2098,178,0.52587890625
2099,179,0.52587890625
2100,180,0.52587890625
2101,181,0.52587890625
2102,182,0.52587890625
2103,183,0.52587890625
2104,184,0.52587890625
2105,185,0.52587890625
2106,186,0.52587890625
2107,187,0.52587890625
2108,188,0.52587890625
2109,189,0.52587890625
2110,190,0.4868827160493827
2111,191,0.4747474747474747
2112,192,0.4868827160493827
2113,193,0.4868827160493827
2114,194,0.4868827160493827
2115,195,0.4868827160493827
2116,196,0.4868827160493827
2117,197,0.4868827160493827
2118,198,0.4868827160493827
2119,199,0.4747474747474747
2120,200,0.52587890625
2121,201,0.52587890625
2122,202,0.52587890625
2123,203,0.52587890625
2124,204,0.52587890625
2125,205,0.52587890625
2126,206,0.52587890625
2127,207,0.52587890625
2128,208,0.52587890625
2129,209,0.52587890625
2130,210,0.4868827160493827
2131,211,0.4868827160493827
2132,212,0.5008918577300872
2133,213,0.4868827160493827
2134,214,0.4868827160493827
2135,215,0.4868827160493827
2136,216,0.4868827160493827
2137,217,0.4868827160493827
2138,218,0.4807098765432099
2139,219,0.4868827160493827
2140,220,0.52587890625
2141,221,0.52587890625
2142,222,0.52587890625
2143,223,0.52587890625
2144,224,0.52587890625
2145,225,0.52587890625
2146,226,0.52587890625
2147,227,0.52587890625
2148,228,0.52587890625
2149,229,0.4868827160493827
2150,230,0.4868827160493827
2151,231,0.52587890625
2152,232,0.52587890625
2153,233,0.4868827160493827
2154,234,0.4868827160493827
2155,235,0.4807098765432099
2156,236,0.4868827160493827
2157,237,0.4868827160493827
2158,238,0.4868827160493827
2159,239,0.52587890625
2160,240,0.4868827160493827
2161,241,0.52587890625
2162,242,0.4868827160493827
2163,243,0.4868827160493827
2164,244,0.4868827160493827
2165,245,0.4868827160493827
2166,246,0.4868827160493827
2167,247,0.4868827160493827
2168,248,0.4868827160493827
2169,249,0.52587890625
2170,250,0.4868827160493827
2171,251,0.4868827160493827
2172,252,0.52587890625
2173,253,0.4868827160493827
2174,254,0.4868827160493827
2175,255,0.4868827160493827
2176,256,0.4868827160493827
2177,257,0.4868827160493827
2178,258,0.4868827160493827
2179,259,0.52587890625
2180,260,0.52587890625
2181,261,0.52587890625
2182,262,0.52587890625
2183,263,0.52587890625
2184,264,0.52587890625
2185,265,0.52587890625
2186,266,0.52587890625
2187,267,0.52587890625
2188,268,0.52587890625
2189,269,0.52587890625
2190,270,0.4868827160493827
2191,271,0.52587890625
2192,272,0.4868827160493827
2193,273,0.4868827160493827
2194,274,0.4868827160493827
2195,275,0.4868827160493827
2196,276,0.4868827160493827
2197,277,0.4807098765432099
2198,278,0.4868827160493827
2199,279,0.52587890625
2200,280,0.52587890625
2201,281,0.52587890625
2202,282,0.52587890625
2203,283,0.52587890625
2204,284,0.52587890625
2205,285,0.52587890625
2206,286,0.52587890625
2207,287,0.52587890625
2208,288,0.52587890625
2209,289,0.52587890625
2210,290,0.52587890625
2211,291,0.52587890625
2212,292,0.52587890625
2213,293,0.52587890625
2214,294,0.52587890625
2215,295,0.52587890625
2216,296,0.52587890625
2217,297,0.52587890625
2218,298,0.52587890625
2219,299,0.52587890625
2220,300,0.52587890625
2221,301,0.52587890625
2222,302,0.4875307279097394
2223,303,0.52587890625
2224,304,0.52587890625
2225,305,0.52587890625
2226,306,0.52587890625
2227,307,0.52587890625
2228,308,0.52587890625
2229,309,0.487857708478139
2230,310,0.4868827160493827
2231,311,0.4868827160493827
2232,312,0.4868827160493827
2233,313,0.4868827160493827
2234,314,0.4868827160493827
2235,315,0.4868827160493827
2236,316,0.4868827160493827
2237,317,0.4868827160493827
2238,318,0.4868827160493827
2239,319,0.4868827160493827
2240,320,0.4868827160493827
2241,321,0.52587890625
2242,322,0.4868827160493827
2243,323,0.4868827160493827
2244,324,0.4868827160493827
2245,325,0.4868827160493827
2246,326,0.4868827160493827
2247,327,0.4868827160493827
2248,328,0.4868827160493827
2249,329,0.4868827160493827
2250,330,0.4868827160493827
2251,331,0.4868827160493827
2252,332,0.52587890625
2253,333,0.4868827160493827
2254,334,0.4868827160493827
2255,335,0.4868827160493827
2256,336,0.4868827160493827
2257,337,0.4868827160493827
2258,338,0.4868827160493827
2259,339,0.4868827160493827
2260,340,0.52587890625
2261,341,0.4489644970414201
2262,342,0.52587890625
2263,343,0.52587890625
2264,344,0.52587890625
2265,345,0.52587890625
2266,346,0.52587890625
2267,347,0.52587890625
2268,348,0.52587890625
2269,349,0.4547325102880658
2270,350,0.4868827160493827
2271,351,0.4868827160493827
2272,352,0.4868827160493827
2273,353,0.4868827160493827
2274,354,0.4868827160493827
2275,355,0.4868827160493827
2276,356,0.4868827160493827
2277,357,0.4868827160493827
2278,358,0.4868827160493827
2279,359,0.4868827160493827
2280,360,0.52587890625
2281,361,0.4868827160493827
2282,362,0.52587890625
2283,363,0.52587890625
2284,364,0.52587890625
2285,365,0.52587890625
2286,366,0.52587890625
2287,367,0.52587890625
2288,368,0.52587890625
2289,369,0.4868827160493827
2290,370,0.52587890625
2291,371,0.4868827160493827
2292,372,0.52587890625
2293,373,0.52587890625
2294,374,0.52587890625
2295,375,0.52587890625
2296,376,0.52587890625
2297,377,0.52587890625
2298,378,0.52587890625
2299,379,0.4868827160493827
2300,380,0.52587890625
2301,381,0.52587890625
2302,382,0.52587890625
2303,383,0.52587890625
2304,384,0.52587890625
2305,385,0.52587890625
2306,386,0.52587890625
2307,387,0.52587890625
2308,388,0.52587890625
2309,389,0.52587890625
2310,390,0.4868827160493827
2311,391,0.4868827160493827
2312,392,0.52587890625
2313,393,0.4868827160493827
2314,394,0.4868827160493827
2315,395,0.4868827160493827
2316,396,0.4868827160493827
2317,397,0.4868827160493827
2318,398,0.4868827160493827
2319,399,0.52587890625
2320,400,0.4868827160493827
2321,401,0.4868827160493827
2322,402,0.4807098765432099
2323,403,0.4868827160493827
2324,404,0.4868827160493827
2325,405,0.4868827160493827
2326,406,0.4868827160493827
2327,407,0.4868827160493827
2328,408,0.4868827160493827
2329,409,0.4868827160493827
2330,410,0.4871345974055967
2331,411,0.4869148376803549
2332,412,0.52587890625
2333,413,0.4871709465171364
2334,414,0.4869145235528558
2335,415,0.4870119748346437
2336,416,0.4869774315055225
2337,417,0.4870739661061595
2338,418,0.4869148773830909
2339,419,0.52587890625
2340,420,0.52587890625
2341,421,0.52587890625
2342,422,0.5258232406177461
2343,423,0.525824948451036
2344,424,0.5258229783675312
2345,425,0.52587890625
2346,426,0.52587890625
2347,427,0.5258226470593202
2348,428,0.52587890625
2349,429,0.52587890625
2350,430,0.4868827160493827
2351,431,0.4868827160493827
2352,432,0.486945256668981
2353,433,0.4868827160493827
2354,434,0.4868827160493827
2355,435,0.4868827160493827
2356,436,0.4868827160493827
2357,437,0.4868827160493827
2358,438,0.4868827160493827
2359,439,0.4868827160493827
2360,440,0.52587890625
2361,441,0.52587890625
2362,442,0.52587890625
2363,443,0.52587890625
2364,444,0.52587890625
2365,445,0.52587890625
2366,446,0.52587890625
2367,447,0.52587890625
2368,448,0.52587890625
2369,449,0.52587890625
2370,450,0.52587890625
2371,451,0.4868827160493827
2372,452,0.52587890625
2373,453,0.52587890625
2374,454,0.52587890625
2375,455,0.52587890625
2376,456,0.52587890625
2377,457,0.52587890625
2378,458,0.52587890625
2379,459,0.4868827160493827
2380,460,0.52587890625
2381,461,0.4868827160493827
2382,462,0.4868827160493827
2383,463,0.52587890625
2384,464,0.52587890625
2385,465,0.52587890625
2386,466,0.52587890625
2387,467,0.52587890625
2388,468,0.52587890625
2389,469,0.4868827160493827
2390,470,0.4868827160493827
2391,471,0.4868827160493827
2392,472,0.4868827160493827
2393,473,0.4868827160493827
2394,474,0.4868827160493827
2395,475,0.4868827160493827
2396,476,0.4868827160493827
2397,477,0.4868827160493827
2398,478,0.4868827160493827
2399,479,0.52587890625
2400,480,0.4868827160493827
2401,481,0.52587890625
2402,482,0.4868827160493827
2403,483,0.4868827160493827
2404,484,0.4868827160493827
2405,485,0.4868827160493827
2406,486,0.4868827160493827
2407,487,0.4868827160493827
2408,488,0.4868827160493827
2409,489,0.4868827160493827
2410,490,0.4868827160493827
2411,491,0.4868827160493827
2412,492,0.52587890625
2413,493,0.4868827160493827
2414,494,0.4868827160493827
2415,495,0.4868827160493827
2416,496,0.4868827160493827
2417,497,0.4868827160493827
2418,498,0.4868827160493827
2419,499,0.4868827160493827
2420,500,0.52587890625
2421,501,0.52587890625
2422,502,0.52587890625
2423,503,0.52587890625
2424,504,0.52587890625
2425,505,0.52587890625
2426,506,0.52587890625
2427,507,0.52587890625
2428,508,0.52587890625
2429,509,0.52587890625
2430,510,0.4868827160493827
2431,511,0.5256403417099843
2432,512,0.4868827160493827
2433,513,0.4868827160493827
2434,514,0.4868827160493827
2435,515,0.4868827160493827
2436,516,0.4868827160493827
2437,517,0.4868827160493827
2438,518,0.4868827160493827
2439,519,0.5258204300742966
2440,520,0.52587890625
2441,521,0.52587890625
2442,522,0.52587890625
2443,523,0.52587890625
2444,524,0.52587890625
2445,525,0.52587890625
2446,526,0.52587890625
2447,527,0.52587890625
2448,528,0.52587890625
2449,529,0.4807098765432099
2450,530,0.52587890625
2451,531,0.52587890625
2452,532,0.52587890625
2453,533,0.52587890625
2454,534,0.52587890625
2455,535,0.52587890625
2456,536,0.52587890625
2457,537,0.52587890625
2458,538,0.52587890625
2459,539,0.4868827160493827
2460,540,0.52587890625
2461,541,0.52587890625
2462,542,0.52587890625
2463,543,0.52587890625
2464,544,0.52587890625
2465,545,0.52587890625
2466,546,0.52587890625
2467,547,0.52587890625
2468,548,0.52587890625
2469,549,0.4868827160493827
2470,550,0.4868827160493827
2471,551,0.4868827160493827
2472,552,0.52587890625
2473,553,0.4868827160493827
2474,554,0.4868827160493827
2475,555,0.4868827160493827
2476,556,0.4868827160493827
2477,557,0.4868827160493827
2478,558,0.4868827160493827
2479,559,0.4868827160493827
2480,560,0.52587890625
2481,561,0.52587890625
2482,562,0.4868827160493827
2483,563,0.52587890625
2484,564,0.52587890625
2485,565,0.52587890625
2486,566,0.52587890625
2487,567,0.52587890625
2488,568,0.52587890625
2489,569,0.4868827160493827
2490,570,0.52587890625
2491,571,0.52587890625
2492,572,0.52587890625
2493,573,0.52587890625
2494,574,0.52587890625
2495,575,0.52587890625
2496,576,0.52587890625
2497,577,0.52587890625
2498,578,0.52587890625
2499,579,0.52587890625
2500,580,0.52587890625
2501,581,0.52587890625
2502,582,0.52587890625
2503,583,0.52587890625
2504,584,0.52587890625
2505,585,0.52587890625
2506,586,0.52587890625
2507,587,0.52587890625
2508,588,0.52587890625
2509,589,0.52587890625
2510,590,0.4868827160493827
2511,591,0.4868827160493827
2512,592,0.4868827160493827
2513,593,0.4868827160493827
2514,594,0.4868827160493827
2515,595,0.4807098765432099
2516,596,0.4868827160493827
2517,597,0.4868827160493827
2518,598,0.4868827160493827
2519,599,0.4868827160493827
2520,600,0.4868827160493827
2521,601,0.52587890625
2522,602,0.52587890625
2523,603,0.4868827160493827
2524,604,0.4868827160493827
2525,605,0.4868827160493827
2526,606,0.4868827160493827
2527,607,0.4868827160493827
2528,608,0.4868827160493827
2529,609,0.52587890625
2530,610,0.4868827160493827
2531,611,0.4868827160493827
2532,612,0.52587890625
2533,613,0.4868827160493827
2534,614,0.4868827160493827
2535,615,0.4868827160493827
2536,616,0.4868827160493827
2537,617,0.4868827160493827
2538,618,0.4868827160493827
2539,619,0.4868827160493827
2540,620,0.52587890625
2541,621,0.52587890625
2542,622,0.4868827160493827
2543,623,0.52587890625
2544,624,0.52587890625
2545,625,0.52587890625
2546,626,0.52587890625
2547,627,0.52587890625
2548,628,0.52587890625
2549,629,0.4868827160493827
2550,630,0.52587890625
2551,631,0.52587890625
2552,632,0.52587890625
2553,633,0.52587890625
2554,634,0.52587890625
2555,635,0.52587890625
2556,636,0.52587890625
2557,637,0.52587890625
2558,638,0.52587890625
2559,639,0.52587890625
