,Unnamed: 0,output_welfare
0,0,5.643463135285729
1,1,8.432280065500084
2,2,4.819473835300278
3,3,5.62901240216247
4,4,5.370060178489051
5,5,6.664289282537347
6,6,4.188267198537523
7,7,4.804783133867044
8,8,5.353225640658914
9,9,12.761685950722882
10,10,8.234479641202002
11,11,9.119239095493588
12,12,7.2365767037024815
13,13,8.401505486695285
14,14,8.399690344617875
15,15,6.915731317544338
16,16,8.986961153596342
17,17,8.36449078567607
18,18,8.660244987639098
19,19,6.590857655828044
20,20,10.267575897924162
21,21,14.979811206705069
22,22,12.042031405914464
23,23,9.966964277320397
24,24,7.25822770302049
25,25,10.197048722514616
26,26,12.953372286917498
27,27,10.27238686284228
28,28,10.136344594609382
29,29,8.913264821531596
30,30,7.033497030938127
31,31,4.591593445647423
32,32,3.5996648894122734
33,33,7.140140697813369
34,34,8.235027079112982
35,35,5.787189478059781
36,36,5.8062496302277165
37,37,6.689924742898701
38,38,6.74832209809014
39,39,3.546657964812178
40,40,11.535215331901984
41,41,10.62350363194736
42,42,5.167814961141797
43,43,11.173539461792895
44,44,11.347673759535168
45,45,12.578396587568877
46,46,8.721887374673331
47,47,11.113770455171812
48,48,11.249914710061113
49,49,6.135256433623263
50,50,4.834158347339122
51,51,2.0666467382126856
52,52,7.089148125281393
53,53,5.003842334646469
54,54,4.003198833108245
55,55,4.055224055435464
56,56,7.129625876536072
57,57,6.424499566790975
58,58,4.981604321595136
59,59,7.911872904146452
60,60,5.842781462150934
61,61,3.770585182650767
62,62,6.480207528340147
63,63,6.571627352529164
64,64,6.233914915434993
65,65,5.880708439729228
66,66,6.736518039160261
67,67,8.381500563252963
68,68,5.969835961406877
69,69,5.703347159963624
70,70,9.900444067554862
71,71,10.59972089665154
72,72,9.21563679728848
73,73,10.69357688914573
74,74,10.551395493753834
75,75,9.755916625601996
76,76,10.808119896824955
77,77,9.274324066290502
78,78,11.339499980690906
79,79,8.826059194355468
80,80,16.770940790841504
81,81,17.24720624365518
82,82,8.571127063685436
83,83,17.03717796880158
84,84,15.984784914187028
85,85,15.743595675022746
86,86,12.730358315226912
87,87,17.701528742319212
88,88,18.480429438722744
89,89,5.323433977972922
90,90,8.163488432851954
91,91,3.611176071257829
92,92,8.275839165390552
93,93,7.968422878342348
94,94,7.882414781445733
95,95,10.222200396054154
96,96,9.498496055787268
97,97,7.623926215212998
98,98,8.302299059342095
99,99,7.600370940211158
100,100,3.636604293255643
101,101,6.57240537225035
102,102,2.519530302279241
103,103,3.589122550055012
104,104,2.998397685632224
105,105,3.159042455690794
106,106,2.918063728027595
107,107,3.535810144360707
108,108,4.793374106112084
109,109,4.2777276175722205
110,110,10.59251248202063
111,111,11.199959138231552
112,112,14.454396158613624
113,113,9.59632144605948
114,114,10.684471674968677
115,115,8.703537435010478
116,116,9.02048499091457
117,117,9.921280369703892
118,118,9.855432190655574
119,119,9.168157710193348
120,120,6.265446795150668
121,121,13.545723474305952
122,122,9.367206200503666
123,123,6.613167608696435
124,124,7.503130156282966
125,125,6.038130925172345
126,126,7.054848770087215
127,127,6.293992290492388
128,128,5.623088262003406
129,129,10.67495369669014
130,130,7.6631815393081855
131,131,11.42374565422155
132,132,3.4691398472352013
133,133,7.823500662334906
134,134,7.37026910387907
135,135,9.579760403195271
136,136,8.514422348433852
137,137,8.458424237508645
138,138,7.817304951896254
139,139,6.335625525070842
140,140,6.132543907847098
141,141,8.061248432052693
142,142,7.156493404513304
143,143,6.52478548160292
144,144,6.540021963193997
145,145,7.913270212107805
146,146,9.163847667968488
147,147,6.657630204742341
148,148,6.6823109530932685
149,149,13.635147891974214
150,150,10.481919940768044
151,151,7.845301565763044
152,152,8.142191482433368
153,153,8.902865691091401
154,154,9.263763053950514
155,155,9.158187612862092
156,156,9.222320728201526
157,157,8.383177342252653
158,158,8.118905301277156
159,159,4.946604079785338
160,160,5.949556766905225
161,161,7.260087425579979
162,162,12.030321626250515
163,163,5.457298994785082
164,164,5.937858056004471
165,165,4.7889512484137935
166,166,4.507460744132637
167,167,5.542308527944131
168,168,6.0308822257254615
169,169,5.279520443000899
170,170,12.734205030763963
171,171,10.443262870364048
172,172,13.490113222909876
173,173,11.966497709713034
174,174,6.145274807687087
175,175,10.621395904236715
176,176,10.044344064777148
177,177,10.53237091649446
178,178,13.02377895941626
179,179,5.030851018177923
180,180,4.270951310954864
181,181,6.525784771716646
182,182,6.576085764234131
183,183,4.293479669562116
184,184,4.358380751892089
185,185,3.7428776433402127
186,186,3.849485646502969
187,187,4.3661974123948495
188,188,4.288549760133018
189,189,7.996971586341523
190,190,8.465838394944921
191,191,8.154335941231516
192,192,9.11535380769666
193,193,7.693538046621589
194,194,7.383736429607938
195,195,10.448471092939933
196,196,10.762614558814748
197,197,8.02063503564572
198,198,9.648529000867896
199,199,11.242556332966368
200,200,9.489949651747486
201,201,7.5000253819357985
202,202,6.299640264765197
203,203,8.631393544123432
204,204,9.578278878266158
205,205,10.878104902337244
206,206,10.43822609018304
207,207,8.557615947067914
208,208,9.152608747685468
209,209,6.858891301892263
210,210,1.51554941397833
211,211,4.979973157465206
212,212,3.855718088470531
213,213,1.5194270520563302
214,214,3.4407864882458434
215,215,0.6312108516081685
216,216,0.2832004064766276
217,217,1.4746849643431217
218,218,1.4611420687354468
219,219,10.460395200855386
220,220,12.459129355810376
221,221,12.543184453611396
222,222,10.050782511821955
223,223,14.173129970584718
224,224,4.889703448352041
225,225,9.829954349615322
226,226,14.114424501587331
227,227,12.4735125241816
228,228,12.8488953410263
229,229,3.050564607701641
230,230,5.564652485681108
231,231,5.690224852408741
232,232,8.59431716698155
233,233,5.647148749623352
234,234,7.354099459155323
235,235,6.125025662927881
236,236,6.844837272862962
237,237,5.679993122870467
238,238,5.519979872810949
239,239,9.360340044516876
240,240,4.1184311496858745
241,241,4.218378632789929
242,242,4.211678523131071
243,243,4.427488989283505
244,244,7.648984083443507
245,245,4.150409845726419
246,246,6.077809158785933
247,247,3.9866097855595126
248,248,5.659999672532098
249,249,8.853521734771068
250,250,9.949389659204602
251,251,9.425796410634144
252,252,8.543964401412309
253,253,10.68797605937601
254,254,8.547775496579066
255,255,10.582301010951856
256,256,9.088450902297026
257,257,9.53025795136974
258,258,9.48437910216301
259,259,6.734766131146072
260,260,7.340236662927906
261,261,8.71512451584943
262,262,3.981620900611396
263,263,7.9151791614440175
264,264,8.372851555627973
265,265,7.8254442933756865
266,266,6.8238036502675135
267,267,6.354923029988379
268,268,6.357256181650967
269,269,4.9660765061484895
270,270,8.251840126938832
271,271,8.649777653800195
272,272,12.228414137228778
273,273,9.26486453516998
274,274,9.058099731450485
275,275,7.6442368804061935
276,276,8.677596052240732
277,277,7.516861027557361
278,278,7.630504675752827
279,279,11.389785628888138
280,280,10.673012459056087
281,281,6.631609425239784
282,282,10.055842447368754
283,283,10.500595923413764
284,284,10.92194595347594
285,285,12.26017359139536
286,286,11.71480311357459
287,287,11.897996108114084
288,288,10.558906453272837
289,289,7.659383623065076
290,290,4.662412503030772
291,291,6.857615170416737
292,292,3.444522674027658
293,293,4.6587653943093885
294,294,3.529836347350758
295,295,3.854491246136373
296,296,5.242011446257513
297,297,5.481834985528338
298,298,4.696404445784592
299,299,11.677091542047558
300,300,11.512044506051632
301,301,6.616413138232832
302,302,12.86707026920617
303,303,11.371546115761548
304,304,12.049545639834928
305,305,15.022704199551
306,306,8.082303301068013
307,307,13.540219227970171
308,308,11.492176595877428
309,309,9.280635866153093
310,310,9.061880142147588
311,311,9.99690858989213
312,312,8.492548185859103
313,313,8.9955513922378
314,314,11.175549441805773
315,315,8.617372491421317
316,316,10.580963861772576
317,317,10.152996276780897
318,318,9.803094614216675
319,319,9.962163802328003
320,320,4.345167324558146
321,321,8.740299259658066
322,322,3.360391921571772
323,323,4.248883109838241
324,324,3.889461875744302
325,325,3.924431058266964
326,326,3.698519200863772
327,327,3.2731454779401763
328,328,3.294987884398512
329,329,12.127112124322473
330,330,10.387955082675647
331,331,4.560023083710618
332,332,8.448534133282065
333,333,8.544269512155253
334,334,9.643766625910652
335,335,7.709659234060248
336,336,9.68696005733706
337,337,10.124987323320353
338,338,8.510671891078765
339,339,5.051537330535411
340,340,4.261389538740255
341,341,5.644809909565367
342,342,4.206405270371821
343,343,4.465714087926279
344,344,6.996889367456958
345,345,3.950415652479297
346,346,3.759696387143217
347,347,3.2680694167188995
348,348,4.37782290896055
349,349,8.929633175560646
350,350,8.574720343440632
351,351,7.6081007499758675
352,352,3.726454640682732
353,353,8.094163732726521
354,354,8.112624705953522
355,355,7.528261834124501
356,356,9.952152928016815
357,357,7.705233559549502
358,358,8.11090089125582
359,359,4.610578865189766
360,360,5.693178207695954
361,361,10.11172996248434
362,362,6.262444449803195
363,363,6.793804227571077
364,364,3.797667854195379
365,365,6.873684460877557
366,366,7.972604587645853
367,367,5.8721480147097855
368,368,6.499780277618926
369,369,15.596870196218262
370,370,7.208697132129833
371,371,12.302817296480535
372,372,11.915765949724165
373,373,7.338794882087215
374,374,10.409453136336824
375,375,6.607130747560347
376,376,5.803920346558937
377,377,6.70719891535693
378,378,7.550131071568319
379,379,11.545843369165802
380,380,10.955954954917871
381,381,14.51329736124569
382,382,10.19511573941082
383,383,10.29837439891361
384,384,10.233134204619024
385,385,10.942296587944382
386,386,11.114540742393777
387,387,10.083255192299257
388,388,11.119841296930868
389,389,12.16546897700459
390,390,7.212750726952212
391,391,6.38650266070843
392,392,7.306866786905034
393,393,7.136595800633069
394,394,5.913106648307895
395,395,8.223859604906218
396,396,7.617894201893769
397,397,6.734459427200024
398,398,7.493688999355197
399,399,7.738250345743739
400,400,3.268946266154632
401,401,7.667051290830386
402,402,4.561916415264252
403,403,2.951896363125328
404,404,2.4503612677880597
405,405,3.4231878778357063
406,406,5.568120786725922
407,407,3.5385580457191064
408,408,3.1272222137685994
409,409,9.117574870662589
410,410,7.521153829145844
411,411,6.854157456589102
412,412,8.248218807630682
413,413,7.135276563105588
414,414,7.766576076967365
415,415,9.675354783995935
416,416,6.103688280865595
417,417,7.040109345648283
418,418,7.441734113923144
419,419,8.47438723800313
420,420,9.503988805183868
421,421,13.120717185132715
422,422,4.073048599213339
423,423,9.697964446086829
424,424,9.622402751963053
425,425,9.352568231824383
426,426,10.249230049848071
427,427,9.558940408130937
428,428,9.347131719422231
429,429,11.176025785608344
430,430,7.447266225798106
431,431,3.898913166650997
432,432,11.06116112430219
433,433,8.64065973353951
434,434,4.955086113610157
435,435,7.004757601544656
436,436,9.18275293637092
437,437,7.0706369301481935
438,438,8.489649595988586
439,439,6.176649557709437
440,440,11.245253668992625
441,441,10.806540617147938
442,442,8.675982812782854
443,443,11.659160497650635
444,444,11.374734567309044
445,445,10.602735494271132
446,446,11.783180696428476
447,447,11.111484421845876
448,448,12.037717079716618
449,449,7.816025244961192
450,450,3.967274721672412
451,451,2.6892075237928306
452,452,4.191244627025354
453,453,3.964277491452481
454,454,4.529861844309899
455,455,4.505813873214165
456,456,3.934091624182144
457,457,5.231947334163279
458,458,4.15918778447305
459,459,4.5676141665219605
460,460,11.55114589950592
461,461,7.779858606423256
462,462,10.43717598773854
463,463,10.700910816155467
464,464,10.309283860010298
465,465,10.838972917531404
466,466,5.717299351712507
467,467,10.32412765998405
468,468,10.752021600016034
469,469,6.793962005839162
470,470,6.564609532574276
471,471,8.190929111978678
472,472,6.63731358751877
473,473,6.581375002547032
474,474,7.753418612267437
475,475,7.3329450535573315
476,476,9.392003113593036
477,477,8.935659395770077
478,478,7.821311028952157
479,479,6.232144753342396
480,480,6.210703599384367
481,481,6.512780618399496
482,482,11.360138122745076
483,483,6.211144205495918
484,484,5.73625085745195
485,485,7.0276838888252975
486,486,9.994666389160864
487,487,5.776405107612671
488,488,5.860768230151298
489,489,14.84876997007893
490,490,8.930127927311045
491,491,9.418983831516634
492,492,10.399196933860887
493,493,8.609412982619995
494,494,8.84715109742621
495,495,9.181031728110057
496,496,9.734036555477411
497,497,9.251625876810246
498,498,8.930748150868359
499,499,12.519908269243883
500,500,9.170845455652357
501,501,8.485637318910454
502,502,8.527550033750712
503,503,9.09198033268848
504,504,8.801401435607685
505,505,8.038183433506052
506,506,10.214464749776775
507,507,9.231869213620472
508,508,9.227533741901466
509,509,8.03092049313631
510,510,7.218087672355303
511,511,6.757901603985413
512,512,13.212980736760745
513,513,7.116714620928446
514,514,6.708764089214492
515,515,9.509517034955405
516,516,5.867575433047351
517,517,6.728829907199641
518,518,7.517189787490967
519,519,11.018732827227485
520,520,10.523332595150835
521,521,6.506699113704606
522,522,5.375247066034244
523,523,10.430450203067076
524,524,10.050409682159597
525,525,10.227275975888574
526,526,8.872055460296131
527,527,10.755573633207062
528,528,10.176774992199016
529,529,0.8899906884768666
530,530,3.2058387643847217
531,531,8.51950457127796
532,532,4.966021209978113
533,533,3.0919398465103374
534,534,3.1770158290590134
535,535,3.100329405322652
536,536,4.747375886858077
537,537,3.0974512481233454
538,538,3.0231595181196607
539,539,15.065293553371944
540,540,8.03538737963249
541,541,6.495727796234894
542,542,4.759333600031498
543,543,7.501841088230383
544,544,8.647157553980296
545,545,6.139486815111375
546,546,6.231702482316615
547,547,7.437852190736918
548,548,7.475998960340036
549,549,4.431649141067053
550,550,9.460754491011503
551,551,10.077259083757744
552,552,12.919270096499709
553,553,10.091012639562935
554,554,9.070928085976128
555,555,11.709715415792925
556,556,9.723035937480828
557,557,10.847657927310276
558,558,10.469566021185411
559,559,11.63519883018438
560,560,9.071921888773382
561,561,9.0543430339694
562,562,9.98285240715866
563,563,10.061049939852415
564,564,8.00896053093434
565,565,10.637748130578094
566,566,5.969603275499533
567,567,11.160384361400956
568,568,9.213401509168662
569,569,3.002043132390215
570,570,3.0219727365339115
571,571,6.17178418804887
572,572,8.241094628564587
573,573,3.983582388183968
574,574,6.286594531476472
575,575,4.38064523484652
576,576,3.270191293339848
577,577,4.3909226748820425
578,578,3.3827649078628985
579,579,6.844828696774421
580,580,2.7783310077331778
581,581,5.900703821484202
582,582,2.730061738260273
583,583,2.792102386040245
584,584,2.762060705222831
585,585,3.764928932099539
586,586,2.957991735218024
587,587,2.891391445044909
588,588,2.808028298429603
589,589,9.208757174481653
590,590,9.569428654440836
591,591,9.478400797303136
592,592,12.352701499094026
593,593,9.540762917495645
594,594,7.172113325491871
595,595,8.238937488954607
596,596,9.556441069884883
597,597,10.440482243583244
598,598,10.319120317486684
599,599,6.734447700747555
600,600,7.7432600601462305
601,601,7.140772629098801
602,602,13.079229855168585
603,603,7.922197740173368
604,604,4.629006977297769
605,605,8.430085349051586
606,606,6.3648748848569845
607,607,7.376849695502296
608,608,7.105594891193124
609,609,7.35856858239717
610,610,6.5193335785066
611,611,6.887002110348406
612,612,3.4690901241768266
613,613,5.989933888800167
614,614,5.255602312965085
615,615,6.389292256329171
616,616,5.959240067561028
617,617,6.949345324256274
618,618,7.2201260485664545
619,619,8.517326737002822
620,620,7.95640945016699
621,621,6.3402556459937935
622,622,6.81509810144883
623,623,8.56448042028589
624,624,8.62735431974766
625,625,9.302057044481518
626,626,11.425755624387822
627,627,8.754718712667051
628,628,7.76911722467387
629,629,11.21425786337073
630,630,10.37045619840973
631,631,7.88092057149816
632,632,12.68672244765429
633,633,11.569932854449148
634,634,10.179001966892349
635,635,9.727722075011409
636,636,11.21337882943492
637,637,10.487089182503071
638,638,11.466871609597051
639,639,7.410224391638605
640,0,6.427321269824882
641,1,5.32947505470223
642,2,5.561571487861045
643,3,6.345511144173856
644,4,6.541940599597759
645,5,5.258800149915728
646,6,3.9073148529194506
647,7,5.573499034516861
648,8,4.608598429311765
649,9,8.497788163043005
650,10,6.403888539106101
651,11,5.268356926196657
652,12,6.061909309472431
653,13,6.264439044606004
654,14,6.688435602772955
655,15,6.995548709680045
656,16,7.402296867303655
657,17,6.124885478483611
658,18,7.267776653322287
659,19,3.8458302109747615
660,20,3.1231584212588257
661,21,3.0150348908761857
662,22,7.385367362612745
663,23,3.3806463192787874
664,24,3.2728694935969043
665,25,3.583363052649708
666,26,3.496497155153915
667,27,3.099294729058915
668,28,3.2209740118809096
669,29,6.012440653871984
670,30,12.509408996259936
671,31,11.168441046491546
672,32,7.695756765097029
673,33,15.548950718350625
674,34,12.173105482473446
675,35,9.672875018289066
676,36,12.01493400699408
677,37,10.77212931529101
678,38,13.336916506468254
679,39,5.93201498261178
680,40,17.593975810294797
681,41,12.450748007640552
682,42,9.428083557537583
683,43,16.39874696259213
684,44,17.803306050534374
685,45,15.76386619528553
686,46,13.124620589426288
687,47,16.870109847811072
688,48,18.602352463914
689,49,7.909623820630606
690,50,5.512372873034723
691,51,9.593570519582242
692,52,8.198637996807017
693,53,5.4206493501267365
694,54,4.239023208205046
695,55,4.662184286480046
696,56,4.496550235774326
697,57,5.4956307317182285
698,58,5.256335882365716
699,59,8.663081251141104
700,60,7.610656454399241
701,61,4.38769828540065
702,62,6.029745015509746
703,63,7.434260744896745
704,64,7.622026127803961
705,65,9.069754575695026
706,66,11.532451083839884
707,67,8.048920814834943
708,68,8.065393114342681
709,69,7.546990191974739
710,70,8.916067739118388
711,71,7.725679769151546
712,72,9.667720112203565
713,73,8.892127516664331
714,74,10.3746334974575
715,75,8.34483261783558
716,76,7.426991319231547
717,77,9.086610007229536
718,78,9.176934761219908
719,79,6.967262836196085
720,80,5.064976167918196
721,81,3.4508870397933973
722,82,4.885143787675312
723,83,5.020074434034455
724,84,5.206556350879645
725,85,6.575992439922887
726,86,5.707470456130294
727,87,4.674304542669721
728,88,5.118278027111051
729,89,6.249231068421329
730,90,8.77322535972659
731,91,9.329218115792196
732,92,8.377828310609104
733,93,8.170655412673176
734,94,7.851004952210917
735,95,8.200601268918323
736,96,10.285695309724538
737,97,7.908083535584149
738,98,7.930135034755792
739,99,10.369494087663464
740,100,4.172798922149548
741,101,3.382951652257799
742,102,1.107450274120677
743,103,4.0605140848895385
744,104,4.130019947819709
745,105,3.808011858913581
746,106,4.652386859301891
747,107,4.192422083620961
748,108,4.374470389241697
749,109,8.074491810768208
750,110,8.63263344640684
751,111,7.771876784262137
752,112,13.120516830934944
753,113,8.836843490024608
754,114,7.816096638066607
755,115,11.752752042332215
756,116,7.110140811628668
757,117,8.878021438309933
758,118,9.085805906447714
759,119,9.594045471300936
760,120,12.68335042225218
761,121,13.67051250759041
762,122,9.406293544187388
763,123,13.311491090746628
764,124,13.250184495467758
765,125,12.791364004261077
766,126,11.880208392962484
767,127,11.774742425592583
768,128,13.12985911981963
769,129,8.433111447063315
770,130,3.266969779448748
771,131,4.740591958786796
772,132,4.074759035302473
773,133,3.283450381147841
774,134,2.130686785841758
775,135,3.2240174090323674
776,136,4.045682039809096
777,137,3.3581472548540847
778,138,3.2414197071195363
779,139,5.602047670079123
780,140,9.204086186277662
781,141,4.155249264402425
782,142,11.271408075367937
783,143,9.505898763963648
784,144,9.649750462830594
785,145,8.003650327543905
786,146,9.01858109823096
787,147,10.38355830795506
788,148,10.214634710651085
789,149,5.84729440926771
790,150,8.25652035825663
791,151,8.110003032728507
792,152,6.719354890253789
793,153,7.597007462007316
794,154,9.154287972711492
795,155,9.36814869511314
796,156,8.000184223089247
797,157,7.341930007265144
798,158,6.794199390276873
799,159,10.273617996227967
800,160,6.078287495211823
801,161,11.718194410801573
802,162,11.49479545063197
803,163,5.219283408809589
804,164,4.779593017416006
805,165,4.926269868043472
806,166,7.074910439810103
807,167,6.008407343544899
808,168,5.065200152144474
809,169,11.938850968260423
810,170,7.00822721407261
811,171,6.0951584044297125
812,172,10.704609687852477
813,173,6.702991643860673
814,174,5.497261028912705
815,175,8.255797879429155
816,176,6.544566611718222
817,177,4.044014868915555
818,178,7.618199374769852
819,179,3.132499525350065
820,180,10.071612568577644
821,181,10.924375042992926
822,182,9.689018951889848
823,183,9.699098967948496
824,184,9.336045724786628
825,185,11.001355226392752
826,186,10.32289251404376
827,187,10.037928904912723
828,188,10.184450936586083
829,189,8.770418714241002
830,190,5.648133288088887
831,191,5.830043536704944
832,192,11.46715848823815
833,193,6.262835279443967
834,194,5.898576120691975
835,195,6.206546920075634
836,196,5.716662170651663
837,197,5.870558731896716
838,198,6.4134469980783
839,199,5.847746015541406
840,200,8.617341532632029
841,201,7.408467040455374
842,202,7.025061946591109
843,203,9.905328418762192
844,204,10.855768653890731
845,205,6.211589487141994
846,206,9.839647152001058
847,207,9.297807986471453
848,208,9.22944820087897
849,209,6.437667724268478
850,210,3.523308570215684
851,211,7.711177793461002
852,212,3.4985771313398755
853,213,3.644531044339629
854,214,3.335994749958508
855,215,4.019162483693504
856,216,3.8502554252948262
857,217,3.3978937720187194
858,218,3.5384199426380483
859,219,11.63584649826218
860,220,2.413530212843205
861,221,9.263641940279696
862,222,3.490175380036766
863,223,2.363753271558887
864,224,5.049880383726033
865,225,3.228567627314302
866,226,2.927995778006644
867,227,4.502538722122465
868,228,3.3711698782851083
869,229,7.794507494523674
870,230,9.755409564134906
871,231,3.8500255912967423
872,232,11.12363992341521
873,233,10.992770980886116
874,234,12.287970719391843
875,235,9.038557414602469
876,236,11.958515895252114
877,237,10.631766545019518
878,238,10.833370822953498
879,239,11.89372452404555
880,240,12.298779177355762
881,241,8.597770544386172
882,242,6.1644220971258905
883,243,12.21130781914777
884,244,11.066921293045027
885,245,13.868482547507083
886,246,12.22413760469763
887,247,11.438399333690732
888,248,12.55185723577192
889,249,7.372460181353606
890,250,13.2797734017345
891,251,9.89777049562487
892,252,9.651457978420664
893,253,12.62922719832274
894,254,9.983377126357531
895,255,9.426160542291624
896,256,14.244506357818292
897,257,12.309745374312556
898,258,13.277813362286762
899,259,7.163742576675888
900,260,4.354541659369777
901,261,9.61727576919159
902,262,4.3808230926860015
903,263,4.344087980163312
904,264,4.263517613563165
905,265,4.865413286392451
906,266,3.7049705848693257
907,267,4.39570893208638
908,268,4.337986306349358
909,269,7.981159414872474
910,270,4.420336976188427
911,271,1.6898182130944632
912,272,7.29305764241652
913,273,4.488847275464195
914,274,7.458897539037959
915,275,5.094093085722302
916,276,5.139594502615966
917,277,4.224184122990202
918,278,4.311252189695956
919,279,9.495723054685378
920,280,3.571389067387523
921,281,3.85978996316986
922,282,6.545842269041855
923,283,3.6398580053082807
924,284,6.996107690937556
925,285,5.4449667947646345
926,286,4.297736025942598
927,287,3.8084455718949193
928,288,3.968811044331313
929,289,12.181688086917651
930,290,11.290262301906443
931,291,10.885559455819182
932,292,6.092730853241227
933,293,11.134667920582093
934,294,10.6849095660083
935,295,9.926959053501744
936,296,9.482287970484547
937,297,10.562301838650445
938,298,10.641280969243148
939,299,3.767891319408145
940,300,12.351568699835855
941,301,11.598444427674858
942,302,12.33423831848066
943,303,12.27716057164882
944,304,12.420727283387448
945,305,11.779876261719142
946,306,13.548951177715749
947,307,11.72709735691281
948,308,11.108404549083945
949,309,11.313721405649074
950,310,12.70074429982536
951,311,11.019096662833045
952,312,11.75097982664177
953,313,11.940839053096887
954,314,7.910080494312389
955,315,11.334996724488793
956,316,11.512063063261904
957,317,8.253912579837264
958,318,8.235800274597077
959,319,10.551760887376965
960,320,9.00752821068855
961,321,3.695320271361238
962,322,5.464975138212931
963,323,8.063310136096469
964,324,5.892845140747926
965,325,8.291224588358418
966,326,7.551426145549671
967,327,8.364189357140363
968,328,9.474322567876277
969,329,4.8806108168665165
970,330,7.391770506447949
971,331,6.885990070024158
972,332,5.624620737427672
973,333,8.111518970366449
974,334,9.01113731299686
975,335,7.494347850967493
976,336,8.26179896788797
977,337,8.809591315138015
978,338,7.605969198529766
979,339,7.405141294909292
980,340,9.677469288406735
981,341,8.434348098940122
982,342,13.263114228107847
983,343,10.559009341486592
984,344,9.855470461772748
985,345,11.909707613041997
986,346,7.376368522001417
987,347,10.97041331375128
988,348,9.984591717500487
989,349,12.516237688058888
990,350,8.094393776339642
991,351,8.364877310372385
992,352,6.863938785735155
993,353,9.830201411485204
994,354,7.765824497726531
995,355,6.6477520843518505
996,356,8.764849702921836
997,357,8.226408796603007
998,358,8.910843221910019
999,359,7.16959588185538
1000,360,10.789318195618
1001,361,10.947732551144409
1002,362,8.000807299623988
1003,363,9.25833387806276
1004,364,11.01766977777704
1005,365,10.802887886382344
1006,366,11.70812278773659
1007,367,11.405076472308522
1008,368,10.894942047533876
1009,369,8.30071456507519
1010,370,3.8989557036735
1011,371,8.805190885324802
1012,372,7.998256601752082
1013,373,3.789655391723645
1014,374,3.94260173400579
1015,375,3.834479992678903
1016,376,5.278289577990671
1017,377,3.8235635308095177
1018,378,3.7645182315819623
1019,379,11.983374479894051
1020,380,5.037081483068845
1021,381,3.9961724591952392
1022,382,6.227523876676408
1023,383,5.621158993487713
1024,384,7.747734938916602
1025,385,7.145764896597078
1026,386,3.193643462728388
1027,387,7.431444767278216
1028,388,6.410391053782844
1029,389,3.7018314788649
1030,390,11.525904583443106
1031,391,8.220415947830189
1032,392,9.643426413419563
1033,393,10.643896468497948
1034,394,8.66422828054475
1035,395,8.586970454988675
1036,396,11.47417452081567
1037,397,10.258893589059271
1038,398,10.403789564645011
1039,399,7.886579411110778
1040,400,11.856254028027283
1041,401,7.750994743423528
1042,402,5.619093846679384
1043,403,10.55102173146562
1044,404,7.467943621629324
1045,405,11.375269687358184
1046,406,10.836687082263154
1047,407,11.12564498497304
1048,408,10.437153890092858
1049,409,4.528510766550847
1050,410,12.291960816073924
1051,411,10.790633220173596
1052,412,11.263023440825933
1053,413,13.277847389690448
1054,414,12.284305252600545
1055,415,12.98185795686378
1056,416,10.02740817915312
1057,417,11.179329775248426
1058,418,11.297885446913847
1059,419,10.413310053646429
1060,420,4.76138908788534
1061,421,4.6453068218413724
1062,422,2.919581420864501
1063,423,4.882480764503383
1064,424,4.591968505021696
1065,425,3.565006595858645
1066,426,4.299236703200715
1067,427,4.768990159414094
1068,428,4.574403956861743
1069,429,3.735681742830359
1070,430,7.260913256761091
1071,431,6.967575429085751
1072,432,8.455770166113544
1073,433,7.299569582728132
1074,434,8.37133509649017
1075,435,7.90038613145362
1076,436,9.330835135334778
1077,437,7.392672725566403
1078,438,6.91081826579924
1079,439,14.657923626047348
1080,440,3.361165293926646
1081,441,2.006381558119397
1082,442,2.849702670936612
1083,443,3.5027728030119567
1084,444,10.072867692086588
1085,445,3.413241751364277
1086,446,3.8032624160654698
1087,447,3.571572462586798
1088,448,3.5950033363434266
1089,449,8.841124232411792
1090,450,11.260709587865884
1091,451,11.13460660831124
1092,452,8.618288841600988
1093,453,10.940406830541905
1094,454,11.306807901357343
1095,455,10.439999483840763
1096,456,5.854060681644987
1097,457,10.821757158290373
1098,458,11.00337061741886
1099,459,9.48712366709082
1100,460,10.35987218889264
1101,461,6.134819296795949
1102,462,10.76871564357222
1103,463,11.07393203649858
1104,464,11.653956574164644
1105,465,10.58248989395786
1106,466,12.054936906864596
1107,467,11.28682655117107
1108,468,10.101378485626162
1109,469,9.240952359524565
1110,470,5.844125886486203
1111,471,5.767105423789588
1112,472,6.178334083057727
1113,473,6.737797608759475
1114,474,5.551147356303886
1115,475,9.37944154295699
1116,476,6.39356684343555
1117,477,6.675329718136051
1118,478,6.132193663739668
1119,479,9.963912081091484
1120,480,16.130780912927847
1121,481,14.118973625800924
1122,482,15.91503020215916
1123,483,15.754531213464896
1124,484,15.544657550318815
1125,485,12.369225991298611
1126,486,14.273207011884002
1127,487,13.23996721309842
1128,488,16.834453542935588
1129,489,9.023464278997928
1130,490,10.25852130887611
1131,491,7.751830826073315
1132,492,11.5113433276973
1133,493,8.436056640801409
1134,494,10.419631628686693
1135,495,9.800793388568636
1136,496,14.523365624497949
1137,497,8.899546112498129
1138,498,8.618096385443941
1139,499,9.718355960834318
1140,500,2.987036548067502
1141,501,8.21644584045201
1142,502,6.220776340023577
1143,503,3.0011323091633475
1144,504,3.954555687074826
1145,505,2.9839511316712657
1146,506,3.075902496823589
1147,507,3.0649305368070734
1148,508,3.105129198863943
1149,509,6.945009782039934
1150,510,12.34682164172964
1151,511,8.60114999900984
1152,512,13.9919586676339
1153,513,10.210691725409772
1154,514,8.095512915340414
1155,515,10.497760691230598
1156,516,10.87763173484765
1157,517,11.421963794395715
1158,518,8.49917687977313
1159,519,4.883108468661408
1160,520,13.763557899319675
1161,521,9.287619577387366
1162,522,10.563388869029984
1163,523,13.83028552808948
1164,524,13.922298051156334
1165,525,13.750956401099971
1166,526,13.258713557947376
1167,527,15.22407288214101
1168,528,15.837450280529907
1169,529,7.592310346402332
1170,530,6.0929353033858185
1171,531,7.352001812030315
1172,532,3.625868243576939
1173,533,5.970279908696436
1174,534,6.066424486669092
1175,535,6.273525628410174
1176,536,4.692151627399378
1177,537,6.076839461093693
1178,538,5.037879891141963
1179,539,9.696193791463472
1180,540,7.769204648118996
1181,541,8.826931064251083
1182,542,4.176246791284394
1183,543,7.441978316875106
1184,544,7.784741510418346
1185,545,7.123703364612732
1186,546,9.406920733676964
1187,547,7.633119318633691
1188,548,7.13947286475324
1189,549,10.355185479130226
1190,550,9.676068996683505
1191,551,9.482565843315164
1192,552,11.070260092247883
1193,553,9.0406359241819
1194,554,10.332983836487488
1195,555,8.956242314327087
1196,556,6.664274811233133
1197,557,9.132793704350195
1198,558,9.331163073353055
1199,559,9.63373225227178
1200,560,5.833693123104208
1201,561,6.9241193971297
1202,562,4.018780527509578
1203,563,4.699135334293761
1204,564,4.645704746357666
1205,565,5.822394608406853
1206,566,5.313607883100952
1207,567,4.89089682196258
1208,568,5.88887887946168
1209,569,14.382433255273495
1210,570,10.527163743599823
1211,571,6.1079798247278925
1212,572,8.718174604249718
1213,573,9.603435796272375
1214,574,10.297447168391384
1215,575,8.501594788809008
1216,576,8.818191601802825
1217,577,10.568239410280352
1218,578,11.84845321002982
1219,579,5.193680790598159
1220,580,5.007155010882049
1221,581,9.67017550473162
1222,582,3.349252348053395
1223,583,5.000327297833658
1224,584,8.47404782958105
1225,585,5.612179979477719
1226,586,7.762181574420043
1227,587,6.04614257646385
1228,588,4.955659476618626
1229,589,12.193089933473448
1230,590,7.0920825210837775
1231,591,6.572767458973855
1232,592,12.153337061995249
1233,593,6.814345534996962
1234,594,6.54880502997987
1235,595,7.574340339680615
1236,596,6.9692570764620845
1237,597,7.374671296397039
1238,598,6.04337769876778
1239,599,9.34414406444389
1240,600,12.160920060408932
1241,601,8.57833476045916
1242,602,8.466426888362829
1243,603,11.786029336998718
1244,604,11.42078327884522
1245,605,13.981906795992863
1246,606,8.891375369600192
1247,607,12.265232218031391
1248,608,12.013672324554992
1249,609,7.4385739693582815
1250,610,4.337299536081881
1251,611,6.153966764875487
1252,612,3.613934173971057
1253,613,3.466273879213077
1254,614,7.407950185547495
1255,615,3.14461381591527
1256,616,8.813562224291147
1257,617,3.111794355350856
1258,618,3.668063634223364
1259,619,6.475030919203455
1260,620,13.070922082217976
1261,621,10.580270489331102
1262,622,11.64536054084232
1263,623,11.266420307966031
1264,624,11.855154794267447
1265,625,12.81967776063744
1266,626,12.135621394927508
1267,627,12.578454161735865
1268,628,14.146942210990614
1269,629,12.791702326366838
1270,630,8.797288998233451
1271,631,6.870767948287997
1272,632,8.920831179996679
1273,633,7.921547165876059
1274,634,10.409753724509212
1275,635,7.592371730611543
1276,636,9.145626789975395
1277,637,11.622097066834243
1278,638,9.949810038646834
1279,639,4.203456079885816
1280,0,8.620772630271315
1281,1,9.941398598763229
1282,2,15.482638047896703
1283,3,8.677050131036097
1284,4,5.926026653497087
1285,5,6.9065660492579575
1286,6,8.70764529374361
1287,7,6.857820994058341
1288,8,7.755937994531727
1289,9,8.485036541285755
1290,10,7.119913898443916
1291,11,9.107198410884063
1292,12,11.041953500720153
1293,13,5.633619888571396
1294,14,7.423199606854525
1295,15,9.922350029488085
1296,16,8.485307142785613
1297,17,6.217662143839192
1298,18,6.479966349826298
1299,19,12.283658990306636
1300,20,8.447540951862338
1301,21,6.907957745071529
1302,22,8.5329515006555
1303,23,9.443073917053034
1304,24,6.896840524864342
1305,25,7.662186042183742
1306,26,4.772949330579451
1307,27,7.87891245003417
1308,28,7.203369728277618
1309,29,9.12528335017635
1310,30,8.357457046899635
1311,31,4.828965643195098
1312,32,6.459828969156572
1313,33,7.539055808926038
1314,34,6.884865752869114
1315,35,5.713574689167573
1316,36,7.638420378938351
1317,37,6.938361863437875
1318,38,7.044995054048938
1319,39,9.4785533187956
1320,40,3.1285729539055698
1321,41,2.945109677512379
1322,42,10.741553131527352
1323,43,3.474102023904296
1324,44,2.9114159345503934
1325,45,3.624973707024782
1326,46,6.277293350086224
1327,47,3.4842814499877885
1328,48,3.522786643235748
1329,49,11.774278118008873
1330,50,6.9245604835122085
1331,51,8.577812803410769
1332,52,8.723834665379792
1333,53,6.914282078299165
1334,54,6.436508760709512
1335,55,9.227813925132931
1336,56,5.316356751235187
1337,57,6.40869218897558
1338,58,6.542166968560285
1339,59,8.27594726591742
1340,60,12.977893746489915
1341,61,11.932213436378
1342,62,13.06157257009102
1343,63,11.17687257553945
1344,64,11.809771916526712
1345,65,12.058271939682852
1346,66,11.4468188466658
1347,67,10.980901896990757
1348,68,11.80895133489432
1349,69,10.857901305777292
1350,70,12.10342628865366
1351,71,10.067773820235375
1352,72,15.158215030486131
1353,73,10.318435352786675
1354,74,10.093433389818015
1355,75,9.762577324401208
1356,76,9.081798875894286
1357,77,11.19414985547249
1358,78,10.64588510459853
1359,79,9.48962014390552
1360,80,4.986102893769296
1361,81,9.41518398567284
1362,82,6.761715467196062
1363,83,4.834549191561928
1364,84,4.834089110169133
1365,85,5.397749939409858
1366,86,5.333855838079224
1367,87,4.635719420539063
1368,88,5.431284099584155
1369,89,8.73343751435362
1370,90,5.275040458493809
1371,91,4.535917997348914
1372,92,9.328804907403809
1373,93,7.555332062205129
1374,94,12.082666195368
1375,95,5.750764168045287
1376,96,7.594024879359527
1377,97,7.121231090822305
1378,98,7.563570214768988
1379,99,4.34534901153745
1380,100,8.615671134705371
1381,101,10.20380442494783
1382,102,4.0306361914948345
1383,103,8.928395009518562
1384,104,8.875477765075543
1385,105,9.35762512545706
1386,106,11.22595790095956
1387,107,8.646470759003266
1388,108,8.825479935991908
1389,109,9.558195216798552
1390,110,5.472267072620607
1391,111,6.145072693746894
1392,112,6.274564755663847
1393,113,5.486262385161748
1394,114,5.408914129094115
1395,115,5.951695470831349
1396,116,5.873658138042377
1397,117,5.471796163011245
1398,118,5.193860588588223
1399,119,6.711214553389856
1400,120,10.177842332546318
1401,121,8.53929899046799
1402,122,10.831175256307793
1403,123,10.827559849616158
1404,124,7.493122593538824
1405,125,13.15132498614519
1406,126,8.899493256148197
1407,127,10.34667320861642
1408,128,11.379088822105958
1409,129,7.876280479302249
1410,130,9.070774000842023
1411,131,8.644910104742802
1412,132,6.811885279702063
1413,133,10.978371940589202
1414,134,10.843577172747816
1415,135,11.046128459723755
1416,136,7.5127838008751135
1417,137,11.010884167367188
1418,138,10.089747342497876
1419,139,6.86242233261551
1420,140,13.647419227056693
1421,141,6.91656312794999
1422,142,8.537939455321899
1423,143,12.773761589927338
1424,144,12.073373648568086
1425,145,11.190570582757791
1426,146,9.329477808633987
1427,147,13.020688178006049
1428,148,12.162076266782687
1429,149,12.689264113496844
1430,150,8.533260932726957
1431,151,8.098307424036356
1432,152,4.319885030883994
1433,153,7.173975809280228
1434,154,5.257943627732698
1435,155,6.765949942936658
1436,156,9.731250311008036
1437,157,9.559594835362144
1438,158,7.238973794571875
1439,159,9.27883826726861
1440,160,6.8635674513023
1441,161,4.924294693542185
1442,162,9.51559884067281
1443,163,7.425620794239113
1444,164,6.725897994335457
1445,165,7.913129466491535
1446,166,6.769412255725535
1447,167,7.817640710651069
1448,168,6.938666587767228
1449,169,3.556523565947837
1450,170,7.948823603737194
1451,171,8.725878897303904
1452,172,7.867781441242842
1453,173,7.721607521508947
1454,174,8.163242554706029
1455,175,9.427697003325946
1456,176,8.169082732787379
1457,177,8.48641018145908
1458,178,8.219876501535971
1459,179,9.946104870960358
1460,180,3.455221313305069
1461,181,8.175820501024115
1462,182,5.692490764093149
1463,183,3.19182379481967
1464,184,4.635933409008063
1465,185,3.6394902139637
1466,186,3.63109238109326
1467,187,3.4296409214457806
1468,188,3.22162339677852
1469,189,15.152051052553016
1470,190,8.739272670555136
1471,191,11.404038412736147
1472,192,7.975584055800298
1473,193,10.85797648519369
1474,194,8.172772442767135
1475,195,8.579225564033733
1476,196,8.152394042450751
1477,197,10.605522493597576
1478,198,10.38538326415464
1479,199,4.032647328950509
1480,200,17.137251416041313
1481,201,14.978488053298795
1482,202,14.820745932957765
1483,203,17.591057176704858
1484,204,14.68948297584701
1485,205,13.943200200719073
1486,206,12.570340191065135
1487,207,16.726733910969802
1488,208,15.712978722272007
1489,209,7.069752939323274
1490,210,3.0339411488295074
1491,211,9.517260225086376
1492,212,3.3133802018555287
1493,213,3.0917753613382994
1494,214,3.354149274266448
1495,215,2.891970696108588
1496,216,3.72511288713098
1497,217,3.03883832898507
1498,218,3.126147675092994
1499,219,9.833241495236717
1500,220,3.5832557514804533
1501,221,4.091963569536076
1502,222,6.823064895718009
1503,223,5.245028563408296
1504,224,3.6572158369743937
1505,225,6.164235972458591
1506,226,2.992262813235634
1507,227,5.252294481923053
1508,228,4.819199662321046
1509,229,3.891641068058581
1510,230,10.691913335394728
1511,231,9.573831228054669
1512,232,14.57378784472538
1513,233,10.539635637078463
1514,234,8.773100022340067
1515,235,9.933888809958022
1516,236,9.895246391882994
1517,237,9.247354934635176
1518,238,10.337329002779317
1519,239,11.70368708536757
1520,240,7.906518831388921
1521,241,3.7464848165911486
1522,242,6.02269880942293
1523,243,8.869341212295062
1524,244,7.418203616824912
1525,245,9.755481813184131
1526,246,7.336747806198495
1527,247,9.3000699124405
1528,248,9.87787603476031
1529,249,5.858764702718462
1530,250,8.996613047919766
1531,251,7.022217869769336
1532,252,9.676525625080489
1533,253,7.703251706298896
1534,254,7.728547735757214
1535,255,8.811157181178647
1536,256,11.173953450788826
1537,257,8.433695631557002
1538,258,7.835065858347962
1539,259,12.85714627986358
1540,260,4.259578209849498
1541,261,4.095050079176342
1542,262,4.118055555281823
1543,263,3.99027943362628
1544,264,4.086699035245739
1545,265,3.668233980012906
1546,266,3.984002987045443
1547,267,4.150696480418554
1548,268,4.202508353794928
1549,269,5.897321619867241
1550,270,9.880032845371383
1551,271,10.67975004656855
1552,272,9.680984968746428
1553,273,9.723709848722468
1554,274,9.345156496000046
1555,275,12.793279755665605
1556,276,10.219431175897313
1557,277,10.560701214264752
1558,278,10.254514791503428
1559,279,10.009689977430437
1560,280,12.789152578547167
1561,281,5.25875555785375
1562,282,12.720900479294434
1563,283,13.323361368561814
1564,284,10.869604866104408
1565,285,12.820468542320992
1566,286,13.93166409887332
1567,287,13.483492505475269
1568,288,12.553357099740252
1569,289,9.457027114180134
1570,290,7.267659906279659
1571,291,7.803292423490188
1572,292,3.364876802981659
1573,293,8.097580569761858
1574,294,7.882361164228735
1575,295,6.890383666991311
1576,296,9.40835579701548
1577,297,7.099449605629371
1578,298,8.047837669123581
1579,299,7.940044419762654
1580,300,10.583345103600102
1581,301,10.754232257915255
1582,302,9.516631469809669
1583,303,9.669302845162738
1584,304,12.683037346800754
1585,305,8.530168838328628
1586,306,15.283177869498422
1587,307,10.932937340106518
1588,308,10.746332604500894
1589,309,10.960461227653797
1590,310,4.951565479057613
1591,311,4.346957190581535
1592,312,5.369287117685224
1593,313,5.780751962616114
1594,314,8.292224418541052
1595,315,5.859116296366086
1596,316,5.242778476559619
1597,317,5.881202396851317
1598,318,5.61699592340774
1599,319,5.085958747194837
1600,320,7.806106744488321
1601,321,13.946400312801538
1602,322,13.350123878676172
1603,323,6.781358747280656
1604,324,9.08021697631327
1605,325,3.338815784940969
1606,326,5.48061748810559
1607,327,10.698297560962354
1608,328,8.612324137142123
1609,329,7.629123405371996
1610,330,9.195404804683072
1611,331,3.671748412476703
1612,332,10.34780822445185
1613,333,7.978456924127598
1614,334,1.0919093316281836
1615,335,8.419594983869283
1616,336,8.851822167199057
1617,337,8.849237259456906
1618,338,8.034243505236148
1619,339,0.6507528618583597
1620,340,6.566136708283104
1621,341,7.203762411671604
1622,342,5.046238588445943
1623,343,6.609844772173937
1624,344,6.596003312101175
1625,345,6.4161545592300815
1626,346,11.827546806829655
1627,347,6.715811526214047
1628,348,6.721712242121906
1629,349,11.495626702776937
1630,350,9.00041214747584
1631,351,8.197225073429765
1632,352,9.446232205276605
1633,353,8.292192935382369
1634,354,7.564717125619236
1635,355,9.369267766578574
1636,356,7.789060519287404
1637,357,7.846503369812778
1638,358,8.005103011245389
1639,359,8.649617941679523
1640,360,14.94127092428828
1641,361,12.645542170270636
1642,362,14.237281378028817
1643,363,12.791014465449448
1644,364,13.239271797723973
1645,365,12.466610656537428
1646,366,10.547652501613062
1647,367,14.394021315544856
1648,368,13.110944026999295
1649,369,6.839948005593396
1650,370,0.9023717825942912
1651,371,6.524809434540334
1652,372,3.0135930043483588
1653,373,1.4866804446071118
1654,374,2.871596888754891
1655,375,1.1140688647419803
1656,376,2.916609756834865
1657,377,0.4261578018813359
1658,378,0.9252421479570232
1659,379,11.542134775144232
1660,380,3.2551257399059303
1661,381,5.417781271482768
1662,382,6.47937292684875
1663,383,3.3779832840261883
1664,384,3.173835978728295
1665,385,3.0106407975805696
1666,386,5.00178529595409
1667,387,4.27039339326093
1668,388,3.238543545876124
1669,389,6.545944246894485
1670,390,12.134060174351736
1671,391,8.486562814744012
1672,392,14.914005337309712
1673,393,9.47253637506682
1674,394,12.302110524184954
1675,395,8.725449832527996
1676,396,12.351521811009327
1677,397,10.52272553010354
1678,398,10.122047810147
1679,399,11.595201931390513
1680,400,12.02735836542427
1681,401,10.528986364141716
1682,402,6.297220601390692
1683,403,11.786994628901844
1684,404,12.973068950333264
1685,405,12.610267174003146
1686,406,9.645372319716309
1687,407,11.116298198783552
1688,408,11.96607705556445
1689,409,8.278835959451895
1690,410,7.044649822357569
1691,411,11.629661986486312
1692,412,9.38960030351686
1693,413,8.853659859449762
1694,414,5.106983894253973
1695,415,8.082163198378897
1696,416,11.636578145737674
1697,417,7.927975166856261
1698,418,7.545092753468076
1699,419,3.8525934139638953
1700,420,3.625894738724884
1701,421,6.8790378215499
1702,422,4.136387545432601
1703,423,4.167107557735624
1704,424,3.4252996439183843
1705,425,4.062648361886287
1706,426,3.1693586678400028
1707,427,4.329849488794218
1708,428,3.49407175860153
1709,429,4.008672475855201
1710,430,10.498961640609364
1711,431,9.835224865020782
1712,432,9.438904983173153
1713,433,9.520178532177727
1714,434,9.756035570442757
1715,435,10.309355028683258
1716,436,8.691538350894998
1717,437,10.587393946129696
1718,438,9.439612346179231
1719,439,6.641940482246103
1720,440,5.170317401961149
1721,441,6.4007021823811545
1722,442,10.877455183289628
1723,443,5.799596901814421
1724,444,5.1773483088559535
1725,445,6.508784876601395
1726,446,7.429492067058695
1727,447,4.777132110596294
1728,448,5.376755388884298
1729,449,14.723064702485102
1730,450,7.321740358212865
1731,451,5.46384224607037
1732,452,3.4774162504850525
1733,453,7.145251019217533
1734,454,7.61358838114648
1735,455,5.881647861491217
1736,456,8.828401023731901
1737,457,7.604765851673762
1738,458,7.248793138319724
1739,459,3.3461283559603725
1740,460,8.905478149746516
1741,461,8.21663375515856
1742,462,8.363313072752183
1743,463,9.272785287712136
1744,464,9.367873444238578
1745,465,9.237126273539756
1746,466,13.136132597395394
1747,467,9.421934264459695
1748,468,9.882193681934814
1749,469,7.592248849883838
1750,470,9.473094713387535
1751,471,9.07329886755512
1752,472,3.372735241812013
1753,473,8.99711680333373
1754,474,9.034477782571198
1755,475,9.120143673359282
1756,476,6.774095246522307
1757,477,8.617769610427692
1758,478,9.053342698131372
1759,479,5.060554914129498
1760,480,5.936343387210177
1761,481,6.082136333085202
1762,482,10.26194181640934
1763,483,7.214581886239047
1764,484,6.032244281126331
1765,485,5.221537840263324
1766,486,5.262245379075209
1767,487,5.949613074472719
1768,488,5.477556230672712
1769,489,13.045679434815748
1770,490,4.769571353972289
1771,491,6.727434854106618
1772,492,7.455245796085524
1773,493,5.779154765708849
1774,494,4.349434838956362
1775,495,4.592065424289938
1776,496,4.944737233944856
1777,497,4.264467522789159
1778,498,5.9454709688708185
1779,499,9.438029659350448
1780,500,5.653877586157956
1781,501,8.50628316562706
1782,502,10.447685638257845
1783,503,5.931869372865298
1784,504,4.553256904945424
1785,505,6.454676077022005
1786,506,3.6244433216903977
1787,507,5.1542998957003965
1788,508,5.1754612844000825
1789,509,9.292781465740402
1790,510,9.573050338062249
1791,511,8.483875929558968
1792,512,7.232117269882741
1793,513,10.132338914454676
1794,514,12.703387670082398
1795,515,8.217935694906156
1796,516,10.120566425933008
1797,517,8.172493813890735
1798,518,10.500588224744105
1799,519,7.524026040061794
1800,520,11.125719703712932
1801,521,3.932784550295117
1802,522,5.496984613730856
1803,523,11.417822088789238
1804,524,10.518872118122648
1805,525,10.83122565211501
1806,526,13.957159625100749
1807,527,10.955665635799663
1808,528,10.876120471139266
1809,529,4.67355964363499
1810,530,5.4379836994733735
1811,531,9.579344157753784
1812,532,8.360298020929156
1813,533,6.0824683452542025
1814,534,3.3391010941502457
1815,535,5.63437217318996
1816,536,3.2759647039197994
1817,537,5.697889971680652
1818,538,5.707222603007828
1819,539,6.718349583936544
1820,540,11.54141912735656
1821,541,15.383890582409936
1822,542,8.011061546451904
1823,543,11.00240986050511
1824,544,11.563598690366245
1825,545,13.143803290023689
1826,546,12.233186807712563
1827,547,10.610640728521204
1828,548,11.151833794364064
1829,549,10.128707781411892
1830,550,8.193513194278445
1831,551,9.768555508185326
1832,552,9.657216776196718
1833,553,8.330521832873774
1834,554,7.443486980725993
1835,555,7.560469416131846
1836,556,9.27230416366656
1837,557,9.195447392314192
1838,558,8.785300315308351
1839,559,7.806318972960587
1840,560,5.6279166245792975
1841,561,3.1421723984261605
1842,562,7.106674011416422
1843,563,5.585371056369281
1844,564,5.736457411622565
1845,565,4.759265306256008
1846,566,6.189285344623213
1847,567,5.558111835220013
1848,568,4.361089286785303
1849,569,4.627357615657028
1850,570,10.574108853469513
1851,571,9.363839620170866
1852,572,12.451712533368552
1853,573,8.972882170225548
1854,574,12.184318992805972
1855,575,9.289218980687652
1856,576,8.61914262170151
1857,577,9.6282983617972
1858,578,9.773125819604516
1859,579,12.191810917057728
1860,580,8.399920285109888
1861,581,14.500926415358505
1862,582,4.499138253246358
1863,583,9.367684691343875
1864,584,7.340544592681009
1865,585,7.464755473478022
1866,586,10.466562016847003
1867,587,9.500415460015311
1868,588,8.061556230854757
1869,589,3.3220438510480115
1870,590,6.722613662533686
1871,591,7.368692098959685
1872,592,7.631940681301366
1873,593,6.177658317425077
1874,594,6.451403474550667
1875,595,7.145899840807029
1876,596,6.8691706081061685
1877,597,5.955095728943302
1878,598,6.526694095128188
1879,599,8.783594606009236
1880,600,11.225642690650297
1881,601,8.160166770663032
1882,602,10.809985524716136
1883,603,11.314189536698857
1884,604,10.812597265105612
1885,605,10.893685055444006
1886,606,10.055385402622468
1887,607,9.820860398294668
1888,608,10.89192352511643
1889,609,5.334032444289843
1890,610,6.159262627736837
1891,611,14.681065507129157
1892,612,14.241511845369525
1893,613,6.1195408437112535
1894,614,2.5992272229061144
1895,615,6.297642714420858
1896,616,4.8299335285728375
1897,617,8.953109624907174
1898,618,5.1548268101792365
1899,619,6.624222538700359
1900,620,9.610286497254789
1901,621,4.591872982329179
1902,622,7.426445535236972
1903,623,10.045063786317051
1904,624,11.229932361276708
1905,625,9.873066173773148
1906,626,7.713269657723199
1907,627,10.38934905297806
1908,628,10.76307672420357
1909,629,6.80130646421751
1910,630,9.16795273328131
1911,631,6.724407008798266
1912,632,6.236630645740383
1913,633,10.22684114377266
1914,634,8.620221464611504
1915,635,11.908660941256754
1916,636,9.400773190712838
1917,637,10.092045391083223
1918,638,9.60131225057123
1919,639,7.3848862855553
1920,0,1.8393324226926973
1921,1,0.0117264376464659
1922,2,1.7397465552179108
1923,3,1.8181176475761545
1924,4,1.9553151491939416
1925,5,1.604294116601816
1926,6,1.786530717492722
1927,7,1.7859196679310587
1928,8,1.8758940173200047
1929,9,0.0118885948602852
1930,10,0.011551707218136
1931,11,0.0115619991027914
1932,12,0.0118191841955824
1933,13,0.011606652538542
1934,14,0.0115761858825311
1935,15,0.0116725295730894
1936,16,0.0115179395902563
1937,17,0.0112004879803008
1938,18,0.0114979403929737
1939,19,0.0114065172690111
1940,20,0.0111577812713493
1941,21,0.0108687883435136
1942,22,0.0110733687790304
1943,23,0.0112138318970618
1944,24,0.0111274816830354
1945,25,0.0112466988105269
1946,26,0.0112045215373693
1947,27,0.0111022318019279
1948,28,0.0111433486608465
1949,29,0.0108529929821839
1950,30,0.0121515079461386
1951,31,0.0118651509825801
1952,32,0.0120652206641452
1953,33,0.011891275050663
1954,34,0.0119986713973107
1955,35,0.0116348978204943
1956,36,0.0120506312438976
1957,37,0.0119816773104139
1958,38,0.0119972807049841
1959,39,0.0116195418304455
1960,40,0.01132550424401
1961,41,0.0111420571733527
1962,42,0.0114064857099686
1963,43,0.0113003695453826
1964,44,0.0114108501385948
1965,45,0.0111540448961963
1966,46,0.0114186255903898
1967,47,0.0122352734738045
1968,48,0.0115577803592474
1969,49,0.0115637852218958
1970,50,0.0114454079156458
1971,51,0.0117869467550108
1972,52,0.0116022937722857
1973,53,0.0115859382616135
1974,54,0.0115627482998542
1975,55,0.0113799625733787
1976,56,0.0114387568081975
1977,57,0.0109925035057218
1978,58,0.0115409479337074
1979,59,0.0111343952106269
1980,60,0.0113390782205321
1981,61,0.0115249969572096
1982,62,0.01155675236795
1983,63,0.0113176527606814
1984,64,0.0114343890388075
1985,65,0.011835579743862
1986,66,0.0113270085210704
1987,67,0.0114712409277174
1988,68,0.0115129004299762
1989,69,0.0118156593072182
1990,70,0.0118900769378359
1991,71,0.0118488687623984
1992,72,0.0121232162669177
1993,73,0.0118499287976964
1994,74,0.0119467023794425
1995,75,0.0117569867347415
1996,76,0.011840400308143
1997,77,0.011763719867923
1998,78,0.0119327006590231
1999,79,0.0117876952525082
2000,80,0.0109572836599678
2001,81,0.010833446130199
2002,82,0.0108235279817573
2003,83,0.0109670326557795
2004,84,0.0109436509401634
2005,85,0.0109417352511645
2006,86,0.0109891040687583
2007,87,0.0109543681909332
2008,88,0.0110452422674156
2009,89,0.0107360738377556
2010,90,0.0116394784022623
2011,91,0.0118352871220886
2012,92,0.0115838451398955
2013,93,0.011604745023681
2014,94,0.0119015159464998
2015,95,0.0114728925507237
2016,96,0.0118115722315698
2017,97,0.0118562266875389
2018,98,0.011384954944626
2019,99,0.0118627730492358
2020,100,0.0114793066480496
2021,101,0.0115106675951422
2022,102,0.0114105681748655
2023,103,0.0112604192396763
2024,104,0.0114135941877096
2025,105,0.0111448359151999
2026,106,0.011290176746786
2027,107,0.0117982112884454
2028,108,0.0112303530185163
2029,109,0.0118253384217031
2030,110,0.0115153954376539
2031,111,0.0115871555307509
2032,112,0.0116005599246506
2033,113,0.0116284476337237
2034,114,0.0116139361120639
2035,115,0.0118636219769096
2036,116,0.0116205848818007
2037,117,0.0110589546731135
2038,118,0.0115919109796005
2039,119,0.011348150679445
2040,120,0.0114951813564
2041,121,0.0117187616191798
2042,122,0.0116462056352334
2043,123,0.0116804604966783
2044,124,0.0114540279493945
2045,125,0.0115930124217274
2046,126,0.0115417020008778
2047,127,0.0115742346341831
2048,128,0.0116477533613137
2049,129,0.011630534460479
2050,130,0.0120091095937976
2051,131,0.0120195625515072
2052,132,0.0120666362127006
2053,133,0.0121540681433617
2054,134,0.0121713240533042
2055,135,0.0121027529115155
2056,136,0.0121504336793139
2057,137,0.0121430484021752
2058,138,0.0120361724803382
2059,139,0.0121653043445128
2060,140,0.0114695948727626
2061,141,0.011058678635047
2062,142,0.0111057336395236
2063,143,0.0113000505711745
2064,144,0.0112960255116366
2065,145,0.01110957478335
2066,146,0.011466555651102
2067,147,0.0120195839893662
2068,148,0.0112529279557333
2069,149,0.011474529564816
2070,150,0.0117569135401455
2071,151,0.0117039360187451
2072,152,0.011520499019226
2073,153,0.011724089212479
2074,154,0.0116864376276549
2075,155,0.0117872108197512
2076,156,0.011547673827715
2077,157,0.0111601956357459
2078,158,0.0118392835114699
2079,159,0.0114990163394893
2080,160,0.0123386624375655
2081,161,0.0122413556099729
2082,162,0.012003460254846
2083,163,0.0123196208433245
2084,164,0.0123946749080779
2085,165,0.0119800359324069
2086,166,0.0123703965633628
2087,167,0.0120632988554926
2088,168,0.0123300717093882
2089,169,0.0116334213479599
2090,170,0.0115397082498798
2091,171,0.0116528888827011
2092,172,0.0115137314395798
2093,173,0.0115086579572222
2094,174,0.0116124884336686
2095,175,0.0118775669727576
2096,176,0.0117084393737941
2097,177,0.0109301519269159
2098,178,0.0115032097100495
2099,179,0.011005691407864
2100,180,0.011575274549354
2101,181,0.0115384752950652
2102,182,0.0115615646106238
2103,183,0.0115578934483272
2104,184,0.0115153229931167
2105,185,0.0116583675367252
2106,186,0.0114816936310249
2107,187,0.0111033610003144
2108,188,0.0115910973136912
2109,189,0.0112399229014154
2110,190,0.0113015545075061
2111,191,0.0112440388038057
2112,192,0.0114558315798055
2113,193,0.0112063845973312
2114,194,0.0111998349229555
2115,195,0.0112790492090061
2116,196,0.0113793441926188
2117,197,0.0115976983189721
2118,198,0.0112674384129271
2119,199,0.011893326126591
2120,200,0.0118187133748361
2121,201,0.0119690214048056
2122,202,0.0118880900653154
2123,203,0.0118430508938914
2124,204,0.0119715893920338
2125,205,0.0115248690401684
2126,206,0.0118180839015069
2127,207,0.0120708604701722
2128,208,0.0119568203802275
2129,209,0.0118260208869912
2130,210,0.0110272024949597
2131,211,0.0107605855912953
2132,212,0.0109243118460039
2133,213,0.0109286976583576
2134,214,0.0108561920867086
2135,215,0.011012314659366
2136,216,0.0108099604423692
2137,217,0.0111169544253758
2138,218,0.010966074181005
2139,219,0.0115312421572737
2140,220,0.0118382480655575
2141,221,0.0118522553279929
2142,222,0.0118457891197666
2143,223,0.0117767211146514
2144,224,0.0117781017413792
2145,225,0.0117569703524028
2146,226,0.011776287961376
2147,227,0.0112373727391197
2148,228,0.0118943312174691
2149,229,0.0112276227929108
2150,230,0.011704824643056
2151,231,0.0116480719902118
2152,232,0.0118282446530486
2153,233,0.0117973604387058
2154,234,0.011721405831116
2155,235,0.0117748360472423
2156,236,0.0115149257336653
2157,237,0.0122411974005174
2158,238,0.011681178184313
2159,239,0.0118723433076301
2160,240,0.0117850873014019
2161,241,0.011629244365781
2162,242,0.0116797109565633
2163,243,0.0117686080265276
2164,244,0.0117743721641346
2165,245,0.0119548604669212
2166,246,0.0116988058803881
2167,247,0.0115315046210986
2168,248,0.0118343498485445
2169,249,0.0114760911343062
2170,250,0.0111196410005679
2171,251,0.0111235947052348
2172,252,0.0111992986309156
2173,253,0.011144713569552
2174,254,0.0111106709200139
2175,255,0.0109274915210671
2176,256,0.0110239138483394
2177,257,0.0120993418568776
2178,258,0.0110324487941226
2179,259,0.0118224991806573
2180,260,0.0117514284191198
2181,261,0.0120395739178073
2182,262,0.0117749366500825
2183,263,0.0118575580380127
2184,264,0.0117652990002367
2185,265,0.0119879331766957
2186,266,0.0117706014324195
2187,267,0.0115143744695304
2188,268,0.0118206300457299
2189,269,0.0121249432968643
2190,270,0.0111843419674256
2191,271,0.011153109637783
2192,272,0.011062977328042
2193,273,0.0115141911160493
2194,274,0.0112761114819861
2195,275,0.0114334008557175
2196,276,0.0113567138195684
2197,277,0.0110066234290621
2198,278,0.011317713193167
2199,279,0.0109839102568501
2200,280,0.0118232955026683
2201,281,0.0118234792364112
2202,282,0.0118969666251204
2203,283,0.0120179118896142
2204,284,0.0119468772264501
2205,285,0.0123679479880521
2206,286,0.0118698241974572
2207,287,0.0112833270773011
2208,288,0.0119152361604912
2209,289,0.0117050056761435
2210,290,0.0114433156144629
2211,291,0.0116425933554887
2212,292,0.0117262468206251
2213,293,0.0116210069495162
2214,294,0.0115494312474116
2215,295,0.011495132272874
2216,296,0.0115361199789481
2217,297,0.0118981853477967
2218,298,0.0116842378555255
2219,299,0.0116636405503588
2220,300,0.0122293426065584
2221,301,0.0121043625196483
2222,302,0.012030462977487
2223,303,0.0121837490771254
2224,304,0.012193850433756
2225,305,0.0118486866307841
2226,306,0.01211023069359
2227,307,0.0123928845591989
2228,308,0.0123193736797047
2229,309,0.0118157942918058
2230,310,0.0110195424290151
2231,311,0.0111791058821435
2232,312,0.0111777027002746
2233,313,0.0110879731617412
2234,314,0.0111206756089389
2235,315,0.0110160179112173
2236,316,0.0111157939831297
2237,317,0.0114770394776486
2238,318,0.0110932538692273
2239,319,0.0114190960726142
2240,320,0.0122165088247961
2241,321,0.0119521705674035
2242,322,0.0117343939514258
2243,323,0.0120012930692778
2244,324,0.0120708098001119
2245,325,0.0120475993989205
2246,326,0.0121453901254119
2247,327,0.0114460019730929
2248,328,0.0120362200061733
2249,329,0.0110604240270923
2250,330,0.0111313579729994
2251,331,0.0111930813203649
2252,332,0.0112362897177128
2253,333,0.0112689734942183
2254,334,0.0112281397724005
2255,335,0.0112585998099771
2256,336,0.0110794075678922
2257,337,0.0116090840929963
2258,338,0.0111772224958989
2259,339,0.0117027187158548
2260,340,0.0118799154410173
2261,341,4.368053810088172
2262,342,0.0118197057273589
2263,343,0.0117864876413781
2264,344,0.0118024011451969
2265,345,0.0120428249598054
2266,346,0.0118193443713309
2267,347,0.0117272502638806
2268,348,0.0118437281486102
2269,349,2.9053125123468795
2270,350,0.0116290105343351
2271,351,0.0115672797511723
2272,352,0.0117312279829742
2273,353,0.0117395343496495
2274,354,0.0117509362131651
2275,355,0.0114903844118224
2276,356,0.0115776679771017
2277,357,0.0115585559646643
2278,358,0.0116305962754667
2279,359,0.0114074749163758
2280,360,0.0120952938983319
2281,361,0.0122287036385824
2282,362,0.0121360768007117
2283,363,0.0121384685707441
2284,364,0.0123326344034916
2285,365,0.0123074280174669
2286,366,0.0121777357819903
2287,367,0.0115531720035771
2288,368,0.012154192421865
2289,369,0.0118917470128682
2290,370,0.0112896806301586
2291,371,0.0111581270143333
2292,372,0.0111769524554508
2293,373,0.0111855239370124
2294,374,0.011109500533142
2295,375,0.0112836469424411
2296,376,0.011426143012995
2297,377,0.0116120519644309
2298,378,0.0111890675432032
2299,379,0.0117176601307958
2300,380,0.0115107848082458
2301,381,0.0114285269128641
2302,382,0.0115254616513466
2303,383,0.011576231180892
2304,384,0.0115529443777108
2305,385,0.0117846312329628
2306,386,0.0115724806801637
2307,387,0.0115685853659107
2308,388,0.0115645982890261
2309,389,0.01180648491211
2310,390,0.0110581970126387
2311,391,0.0110509027521412
2312,392,0.0113529146076948
2313,393,0.0112904900327781
2314,394,0.0111718233685061
2315,395,0.0110447147999693
2316,396,0.0110523750578004
2317,397,0.0110217430874396
2318,398,0.0111520403722419
2319,399,0.0109849311899116
2320,400,0.0117519568962755
2321,401,0.0117376688887538
2322,402,0.0116595849442333
2323,403,0.0117906820129203
2324,404,0.0116677715163609
2325,405,0.0116892619557326
2326,406,0.0117444850233062
2327,407,0.0117665909781054
2328,408,0.0117239362889543
2329,409,0.0118023931465626
2330,410,0.0112531319936653
2331,411,0.0115094113817307
2332,412,0.0113234531636469
2333,413,0.0113295146817323
2334,414,0.0112884393623894
2335,415,0.0112432570223442
2336,416,0.0114160748637078
2337,417,0.0114948954654739
2338,418,0.0112581083103515
2339,419,0.0120271958173783
2340,420,0.0117936640256248
2341,421,0.011731093234474
2342,422,0.0117375252725623
2343,423,0.0118232881403323
2344,424,0.0116863194660597
2345,425,0.0112902240688585
2346,426,0.0116220174181113
2347,427,0.0112634195036997
2348,428,0.0117796668195097
2349,429,0.0109372491880961
2350,430,0.0108999191281132
2351,431,0.0109107938855669
2352,432,0.0108617557596624
2353,433,0.010882316980384
2354,434,0.0108812866982571
2355,435,0.0110493798858898
2356,436,0.0109420465426687
2357,437,0.0117604028502733
2358,438,0.0108892423803396
2359,439,0.0117158895034489
2360,440,0.0117319182631604
2361,441,0.0115680625229938
2362,442,0.0117816908537827
2363,443,0.0118709069763583
2364,444,0.0117886032072249
2365,445,0.0116500714802789
2366,446,0.0118408687778259
2367,447,0.011808528877792
2368,448,0.011699426307342
2369,449,0.0113835184700406
2370,450,0.0111463916190751
2371,451,0.011491825668442
2372,452,0.0113658730629447
2373,453,0.0113116621980701
2374,454,0.0113373062230227
2375,455,0.0109987146040914
2376,456,0.0112520218226045
2377,457,0.0111016774518577
2378,458,0.0112437166782534
2379,459,0.0111784027198785
2380,460,0.0119685821708085
2381,461,0.0120821016667802
2382,462,0.0119384859399214
2383,463,0.0119391421673076
2384,464,0.0120819512455614
2385,465,0.0117658511773293
2386,466,0.0120468919062899
2387,467,0.0115997450521753
2388,468,0.0119991381903142
2389,469,0.0111963561786164
2390,470,0.011164484162274
2391,471,0.0113335119528297
2392,472,0.0113835751435398
2393,473,0.0112180067141403
2394,474,0.0114879081485748
2395,475,0.0115555130442817
2396,476,0.011361030829142
2397,477,0.0116551914427253
2398,478,0.0112838441241224
2399,479,0.0120898675682604
2400,480,0.0117130637823159
2401,481,0.0114887966357439
2402,482,0.0115433148708036
2403,483,0.0117735916259633
2404,484,0.0116094830651703
2405,485,0.0112524271118682
2406,486,0.0115653430621935
2407,487,0.0121317258503063
2408,488,0.0116379481301195
2409,489,0.0113430175872276
2410,490,0.0116157940764699
2411,491,0.0115711363487561
2412,492,0.011797067453267
2413,493,0.0116403228475933
2414,494,0.0117542148993953
2415,495,0.0118539731106475
2416,496,0.0118683760882023
2417,497,0.0118429711180306
2418,498,0.01158060473238
2419,499,0.0121862013411291
2420,500,0.0114757415788126
2421,501,0.0115723262560033
2422,502,0.0109151020921319
2423,503,0.0113787462503639
2424,504,0.0115435788213521
2425,505,0.0114256269916219
2426,506,0.0113586282482143
2427,507,0.0115961687585393
2428,508,0.0113162069345175
2429,509,0.010980453154838
2430,510,0.0120133829712092
2431,511,0.0117899305115014
2432,512,0.0121355991098495
2433,513,0.0120439067673439
2434,514,0.012132646433405
2435,515,0.0124201860129048
2436,516,0.0120430996386076
2437,517,0.0114776941389874
2438,518,0.0120564695510016
2439,519,0.0112342649294491
2440,520,0.0116391198003238
2441,521,0.011616930709821
2442,522,0.0116679283900623
2443,523,0.0114734617198056
2444,524,0.0116109288726771
2445,525,0.0115458671320509
2446,526,0.0113760875713344
2447,527,0.0111157367508216
2448,528,0.0115708533489144
2449,529,0.0110762606607889
2450,530,0.0115584070500772
2451,531,0.0115932743851243
2452,532,0.0115766901942329
2453,533,0.0115308629199757
2454,534,0.0115208223456418
2455,535,0.0118575884463795
2456,536,0.0115326797829498
2457,537,0.0113236363175486
2458,538,0.0114202072309742
2459,539,0.0117112404475805
2460,540,0.0108832264610113
2461,541,0.0111974757620737
2462,542,0.0108979243296232
2463,543,0.0110074651139871
2464,544,0.0109564303740557
2465,545,0.0110305934263718
2466,546,0.0110053931909507
2467,547,0.011748604718936
2468,548,0.0109917014314604
2469,549,0.0115622470054921
2470,550,0.0117059562973643
2471,551,0.0117665422982867
2472,552,0.0120296866447169
2473,553,0.0117644690560439
2474,554,0.0117228002930753
2475,555,0.0114359681987447
2476,556,0.0116023221010864
2477,557,0.0114192644643828
2478,558,0.0117143384056499
2479,559,0.0116650218705097
2480,560,0.0091562822890858
2481,561,0.0088996505477367
2482,562,0.0114744270263781
2483,563,0.0091138670786262
2484,564,0.0090807933986369
2485,565,0.0093122196331919
2486,566,0.0091265855261467
2487,567,0.0091656278473421
2488,568,0.0093292325018568
2489,569,0.0120268411672915
2490,570,0.0123510227521179
2491,571,0.0122802243879027
2492,572,0.0122696094968232
2493,573,0.0121660143054501
2494,574,0.0123252361949135
2495,575,0.0117644315844078
2496,576,0.0122584329613792
2497,577,0.011423494842624
2498,578,0.0121855708853525
2499,579,0.0110684324354428
2500,580,0.010900344465832
2501,581,0.01107931371936
2502,582,0.0107427525090132
2503,583,0.010844732716612
2504,584,0.0107667210581824
2505,585,0.0107516400643339
2506,586,0.0108523512131649
2507,587,0.011399002236235
2508,588,0.0108453469906857
2509,589,0.0115801046319661
2510,590,0.0114952649704219
2511,591,0.0115338509264615
2512,592,0.0114278615721375
2513,593,0.0115849018424121
2514,594,0.0115154314260882
2515,595,0.011494792445852
2516,596,0.0114394754942101
2517,597,0.0118104466733198
2518,598,0.0114842721340374
2519,599,0.0115510215129206
2520,600,0.0111264682155392
2521,601,0.011067032609545
2522,602,0.0110757029749885
2523,603,0.0111037487695836
2524,604,0.0110129748029232
2525,605,0.0113939370910221
2526,606,0.0111377477997222
2527,607,0.0118667808278586
2528,608,0.011119549888306
2529,609,0.0118860070352299
2530,610,0.011559438950202
2531,611,0.011659230769721
2532,612,0.0118127365046197
2533,613,0.0115924517065953
2534,614,0.0116311347754816
2535,615,0.0115790215835045
2536,616,0.011627701635096
2537,617,0.0112355946610869
2538,618,0.0117094695530281
2539,619,0.0112402085341881
2540,620,0.0116925098579826
2541,621,0.011899926533693
2542,622,0.0115649300351038
2543,623,0.0119348272631794
2544,624,0.0116995363965511
2545,625,0.0118528247651939
2546,626,0.0119123667328393
2547,627,0.0112610504878978
2548,628,0.011785877861143
2549,629,0.0108231870175393
2550,630,14.570828831402414
2551,631,0.0115750228269426
2552,632,14.313786275426438
2553,633,15.795041642248105
2554,634,22.43374733443645
2555,635,14.088325654923157
2556,636,15.879816728557795
2557,637,16.242335135656813
2558,638,15.52255030081962
2559,639,0.011415563572841
