,Unnamed: 0,gini
0,0,0.7015886152497486
1,1,0.698760467947415
2,2,0.5973553059421574
3,3,0.6502535044551573
4,4,0.6472471322526714
5,5,0.7376475175199004
6,6,0.5828580771531112
7,7,0.6052778348433636
8,8,0.6672881100666542
9,9,0.6831441995908497
10,10,0.703020129812775
11,11,0.6078285685890071
12,12,0.7383332701652089
13,13,0.7144645736502153
14,14,0.7069816517618777
15,15,0.6849007042531667
16,16,0.6916251674121828
17,17,0.7104455796007364
18,18,0.7194324873446207
19,19,0.6825698270632357
20,20,0.7285791341542605
21,21,0.6384107960500438
22,22,0.6970130244528819
23,23,0.7240324900453549
24,24,0.7533796228138309
25,25,0.7183608236685705
26,26,0.6849514758308907
27,27,0.7289253816722661
28,28,0.706641961205318
29,29,0.7289775135907622
30,30,0.7748673422478491
31,31,0.8348532544292426
32,32,0.829983737753301
33,33,0.7810438766999813
34,34,0.6565841333742078
35,35,0.7984141653847672
36,36,0.7483679090623796
37,37,0.7693517703252287
38,38,0.7697273185557989
39,39,0.8305188194555286
40,40,0.648138960700265
41,41,0.6463891709766016
42,42,0.7207988805723523
43,43,0.6403506920455153
44,44,0.6313267552281631
45,45,0.6509420798049085
46,46,0.648116761490035
47,47,0.6455208051788159
48,48,0.6396268134574626
49,49,0.6868478414125941
50,50,0.8130205753292672
51,51,0.8853308833403756
52,52,0.7875695126546373
53,53,0.8126502188766166
54,54,0.8468619637492952
55,55,0.7958263106259628
56,56,0.7747777295655697
57,57,0.7768083043438685
58,58,0.8129355410771171
59,59,0.7557117913394215
60,60,0.7634459463379741
61,61,0.8284526818491229
62,62,0.7405418555226254
63,63,0.7248630537436107
64,64,0.7460840255769118
65,65,0.7632903469647286
66,66,0.7341844569816856
67,67,0.7210121520769257
68,68,0.7658917902429352
69,69,0.7642520024710139
70,70,0.5583357813981937
71,71,0.6066490188362585
72,72,0.6272705630000609
73,73,0.5984084562627132
74,74,0.5767957504068174
75,75,0.6221355031717152
76,76,0.5933084212460548
77,77,0.5979124914261638
78,78,0.5678694444411924
79,79,0.644125539929806
80,80,0.5679535146986907
81,81,0.6302447495274603
82,82,0.6573631478206271
83,83,0.5883353685903987
84,84,0.5829183270175269
85,85,0.5672394503867965
86,86,0.6034398105354908
87,87,0.5619954723900706
88,88,0.5754071061181232
89,89,0.6830385349149827
90,90,0.7234351411379459
91,91,0.8373212350791648
92,92,0.7073505850808793
93,93,0.7227940386755213
94,94,0.7200295584108003
95,95,0.713003735406276
96,96,0.7172203112933245
97,97,0.6928139379069701
98,98,0.7285580889912084
99,99,0.7432289054354448
100,100,0.8291267267712312
101,101,0.7183456581329983
102,102,0.8784889706204869
103,103,0.8269453801639871
104,104,0.857101026445094
105,105,0.8223034841602348
106,106,0.8491444154811133
107,107,0.8276078814986634
108,108,0.811783275436615
109,109,0.7881977390650092
110,110,0.693561535010469
111,111,0.6411097256755611
112,112,0.6322781373256076
113,113,0.7105633443022183
114,114,0.6608979243559077
115,115,0.7013865933962209
116,116,0.711285321056002
117,117,0.6992935559418977
118,118,0.6990161516155319
119,119,0.7035220223769535
120,120,0.7082192908969139
121,121,0.653546439511075
122,122,0.6810300960085712
123,123,0.6995992004301334
124,124,0.6749158335843778
125,125,0.7205626001185126
126,126,0.713402128745942
127,127,0.6978631618316287
128,128,0.6399612250397895
129,129,0.6731553149154456
130,130,0.7250881224675356
131,131,0.6323931259546827
132,132,0.822849113696229
133,133,0.7317173909939635
134,134,0.7334099499840889
135,135,0.7087115692389369
136,136,0.7130295763653478
137,137,0.7379582966955751
138,138,0.7220174583905179
139,139,0.795944360582245
140,140,0.720561090287247
141,141,0.6446491230832705
142,142,0.6949215363786494
143,143,0.7290164297711887
144,144,0.7085801875024587
145,145,0.7007504107878684
146,146,0.6670151653819766
147,147,0.7201510577410256
148,148,0.7246892211230471
149,149,0.5829667233441784
150,150,0.6516796413845832
151,151,0.7291383817383228
152,152,0.6242305713091656
153,153,0.624165716835189
154,154,0.5665785232852266
155,155,0.650649571013482
156,156,0.6388555787370033
157,157,0.633266909097438
158,158,0.6078957177109106
159,159,0.8107146610558807
160,160,0.6851488299390411
161,161,0.7628645937091236
162,162,0.5452547714408064
163,163,0.6398563284442746
164,164,0.664831255407053
165,165,0.6438130868118661
166,166,0.6389134787358691
167,167,0.6614320856063037
168,168,0.6600892786004088
169,169,0.7885941655118868
170,170,0.7067030950202075
171,171,0.7278673601232257
172,172,0.6709262570038225
173,173,0.7133559713647335
174,174,0.7528205005074573
175,175,0.7213153342975295
176,176,0.7171804316556668
177,177,0.7019916301039962
178,178,0.6987846829260786
179,179,0.7822567918531063
180,180,0.837827873177705
181,181,0.7944265480413287
182,182,0.8028476574544425
183,183,0.8353722644431242
184,184,0.8335796503854753
185,185,0.8299270983408669
186,186,0.8368676499629993
187,187,0.8331906898980743
188,188,0.838912226976826
189,189,0.6409356377139667
190,190,0.6735342715133941
191,191,0.6997263943023211
192,192,0.657059637796543
193,193,0.6180808559029214
194,194,0.6617635621688872
195,195,0.6824687139047904
196,196,0.6469080694442456
197,197,0.6660422819047895
198,198,0.7404582636576023
199,199,0.7393813786973572
200,200,0.6538944224098185
201,201,0.7251989368824902
202,202,0.7244170101644113
203,203,0.6505583069138183
204,204,0.6648829751680286
205,205,0.6561247464916101
206,206,0.6457364612882109
207,207,0.6633594533311837
208,208,0.650702058206866
209,209,0.6217474786488429
210,210,0.8870023440449722
211,211,0.78115982533498
212,212,0.8236885067946692
213,213,0.8855035057259739
214,214,0.8609456637480316
215,215,0.7959431822241512
216,216,0.621713410525381
217,217,0.8867934368176468
218,218,0.8876142583605389
219,219,0.6789279590589393
220,220,0.6892541793626071
221,221,0.6939234134895329
222,222,0.7164849380669125
223,223,0.6765300338352915
224,224,0.8164719043169991
225,225,0.6800520201753744
226,226,0.6731749624252016
227,227,0.6832805491521425
228,228,0.6857456887190023
229,229,0.84112458312348
230,230,0.7248600044023953
231,231,0.7099789380195295
232,232,0.638511584700967
233,233,0.7217446616840687
234,234,0.6943006970825282
235,235,0.7310742674414373
236,236,0.7149405560921901
237,237,0.7273288635823747
238,238,0.7083359848613249
239,239,0.637940953838434
240,240,0.7888813299193127
241,241,0.7831837174074091
242,242,0.7974383660359893
243,243,0.7682390992728195
244,244,0.7143452725194057
245,245,0.7910285516237836
246,246,0.7776934288885932
247,247,0.806618644348964
248,248,0.7985094237518097
249,249,0.6201646400536382
250,250,0.6861223673231557
251,251,0.6986818125520229
252,252,0.7096970082505857
253,253,0.6879130069455928
254,254,0.7225033566114661
255,255,0.686080054149493
256,256,0.7046990110071099
257,257,0.7184716050344925
258,258,0.7055804896138302
259,259,0.7632758511093619
260,260,0.7307800005111057
261,261,0.7208230808215857
262,262,0.8273724817099347
263,263,0.7384992488356694
264,264,0.7323934043560274
265,265,0.7650229059500192
266,266,0.7423023328033499
267,267,0.757676999564639
268,268,0.7429423222122556
269,269,0.8234473874661424
270,270,0.7513437958093269
271,271,0.7200857571024655
272,272,0.6760184128490279
273,273,0.7111792651103012
274,274,0.7228121469402309
275,275,0.7293972232565815
276,276,0.7336870717371027
277,277,0.7030310988029359
278,278,0.7102918252982902
279,279,0.646890627266159
280,280,0.608949168316306
281,281,0.7895564467612324
282,282,0.6549666244458818
283,283,0.624222124075668
284,284,0.6067217552386625
285,285,0.6337598388317837
286,286,0.6124389178541184
287,287,0.6238786385032912
288,288,0.6164392275675683
289,289,0.7711074308891172
290,290,0.7957867063224542
291,291,0.7298279886523802
292,292,0.8089951994845703
293,293,0.801982752986551
294,294,0.8083632697620585
295,295,0.7990464736404446
296,296,0.7794658188704722
297,297,0.7552770739189972
298,298,0.7885217435401507
299,299,0.6391743248625593
300,300,0.6378504571626862
301,301,0.603676155787976
302,302,0.6333942609421015
303,303,0.6392536148921911
304,304,0.6707573640479626
305,305,0.6397383504572217
306,306,0.7106725563278998
307,307,0.658339914367184
308,308,0.6388456071916697
309,309,0.6476628536141985
310,310,0.6912823938468959
311,311,0.7101593812014381
312,312,0.739743433174233
313,313,0.682011483598587
314,314,0.6125948674066682
315,315,0.629759711648282
316,316,0.6967403332910329
317,317,0.6897964927108917
318,318,0.6685308229901189
319,319,0.6795464333876748
320,320,0.6630560998718394
321,321,0.6549071582884793
322,322,0.6571785029717268
323,323,0.6063172859537944
324,324,0.7041355873392326
325,325,0.629607907765294
326,326,0.540888055882039
327,327,0.6711090323568194
328,328,0.5964880818419418
329,329,0.65186332623064
330,330,0.6852030743669112
331,331,0.8242341023306582
332,332,0.7012931123039162
333,333,0.7095494809526857
334,334,0.6902911140458504
335,335,0.7090606142670858
336,336,0.7035767023607326
337,337,0.6863533267256109
338,338,0.696336138374594
339,339,0.7939054430960683
340,340,0.8378245394146616
341,341,0.7988976482888439
342,342,0.7683524748456342
343,343,0.8393164204755214
344,344,0.7685202100248757
345,345,0.8356432725564068
346,346,0.8343157481149917
347,347,0.8452630996587805
348,348,0.8371169918936707
349,349,0.7013627262116164
350,350,0.6515381417459992
351,351,0.639157470166627
352,352,0.7193881422091114
353,353,0.6799743740002819
354,354,0.6663607131203195
355,355,0.6762584558656313
356,356,0.6700628961271051
357,357,0.672607243845418
358,358,0.6647732686739323
359,359,0.6421222030656267
360,360,0.6496662516101742
361,361,0.6691205691436937
362,362,0.6760164275133372
363,363,0.6858108389015508
364,364,0.6383945942007228
365,365,0.6646227189740566
366,366,0.6597253693166245
367,367,0.7102481630098523
368,368,0.6673495497668396
369,369,0.6317065374278202
370,370,0.7771886167822194
371,371,0.7076302508267979
372,372,0.7188473567084225
373,373,0.7828638129826007
374,374,0.7117069460796778
375,375,0.7453830664688174
376,376,0.7695799889787688
377,377,0.7448553403949079
378,378,0.7651352837883791
379,379,0.6682703268809315
380,380,0.6899945238599365
381,381,0.581399944101701
382,382,0.7159488486870929
383,383,0.7132282967444394
384,384,0.7158326964230787
385,385,0.7133155960775418
386,386,0.7072323558177247
387,387,0.7160434981544028
388,388,0.7104127695393395
389,389,0.5843944922913163
390,390,0.63244413395981
391,391,0.7539855227991947
392,392,0.6425606840868225
393,393,0.6606325259545721
394,394,0.7050495602674467
395,395,0.6329974769819365
396,396,0.6612163125712298
397,397,0.6409375434543565
398,398,0.6367668258225334
399,399,0.7309951375286203
400,400,0.6119150719795307
401,401,0.7273711515284362
402,402,0.7894684732339159
403,403,0.6088031513716209
404,404,0.6954980669436176
405,405,0.5853971324236631
406,406,0.635528391754148
407,407,0.6285146600852823
408,408,0.6125776067654127
409,409,0.685711011951934
410,410,0.72734341481537
411,411,0.6276600798867272
412,412,0.7042824976148465
413,413,0.7280924498946769
414,414,0.7209912901880892
415,415,0.721723998391072
416,416,0.7057582120222963
417,417,0.7332651124013645
418,418,0.7199821041478158
419,419,0.5959768031373076
420,420,0.7308635480255503
421,421,0.60571984261912
422,422,0.8350506082853337
423,423,0.7299263231616885
424,424,0.7226936520941488
425,425,0.7405570878484279
426,426,0.7236199178356757
427,427,0.728601301734037
428,428,0.7338056742096941
429,429,0.6274041562585589
430,430,0.7205351781166482
431,431,0.8327467625096974
432,432,0.6632236675342121
433,433,0.721457135108242
434,434,0.658444508530421
435,435,0.7154734115654771
436,436,0.6968801632597367
437,437,0.7163832110552272
438,438,0.7112196424799786
439,439,0.7971283276710371
440,440,0.6424204172127106
441,441,0.65264066399101
442,442,0.6647377322507911
443,443,0.628148101243789
444,444,0.6430567217841985
445,445,0.6989348827169398
446,446,0.6605535316279445
447,447,0.6408757054239261
448,448,0.6401815898623899
449,449,0.7255747136416936
450,450,0.8319308004735658
451,451,0.8703903408839282
452,452,0.8225115183619471
453,453,0.8319421286884469
454,454,0.7949259383149567
455,455,0.835039974366195
456,456,0.8297507837148507
457,457,0.804937146616624
458,458,0.8286695371732342
459,459,0.8410237907989345
460,460,0.6672375754420827
461,461,0.7301015026995716
462,462,0.671118195001043
463,463,0.668350451920657
464,464,0.6647551694273406
465,465,0.6616146677381259
466,466,0.7366260492477923
467,467,0.6715570115415178
468,468,0.6687279379782006
469,469,0.7112678611196701
470,470,0.7217127087895018
471,471,0.6886395607775424
472,472,0.7383027232064134
473,473,0.7195159673743908
474,474,0.6978835665670867
475,475,0.7001887110833896
476,476,0.7137367845610357
477,477,0.6887718133019641
478,478,0.6786280280358554
479,479,0.7858727195416241
480,480,0.6119818273904561
481,481,0.6645991913655889
482,482,0.5411928054752759
483,483,0.6173745455251668
484,484,0.7260669466105283
485,485,0.6349905490131568
486,486,0.5977183097269736
487,487,0.5848224469110187
488,488,0.5860418046247062
489,489,0.5712980496460601
490,490,0.7188526150658211
491,491,0.7050564541812792
492,492,0.6903473264622656
493,493,0.7236148173231385
494,494,0.7215863432713484
495,495,0.709712612859883
496,496,0.7111542475237381
497,497,0.7112451033383459
498,498,0.7076360123354136
499,499,0.6885471211655788
500,500,0.7319927518950569
501,501,0.7558446573385642
502,502,0.757391701190988
503,503,0.7258673719595956
504,504,0.7267319393365929
505,505,0.7276783303144154
506,506,0.7276940798493267
507,507,0.7187487476518467
508,508,0.727685235804814
509,509,0.7519632820241365
510,510,0.7010222679445993
511,511,0.7251760163466149
512,512,0.6047990827499045
513,513,0.7006912073757825
514,514,0.7285261081908749
515,515,0.6969523447081443
516,516,0.7270140443202202
517,517,0.7323155071454092
518,518,0.7005022118370232
519,519,0.6595474109721687
520,520,0.6481957030538753
521,521,0.7816897081045246
522,522,0.7793638443333096
523,523,0.6429790830457739
524,524,0.6712914442885881
525,525,0.6562512574693563
526,526,0.6401892106073127
527,527,0.652199036837457
528,528,0.6496158772918629
529,529,0.842391212898876
530,530,0.8517383027293263
531,531,0.7076594443103453
532,532,0.813541666960733
533,533,0.8610621477865934
534,534,0.8547364014471337
535,535,0.8527686286562409
536,536,0.8374552687329859
537,537,0.856307119619956
538,538,0.8596547163974912
539,539,0.6490234757002342
540,540,0.7441243451212448
541,541,0.6831101693339611
542,542,0.8340921038211957
543,543,0.743951128164145
544,544,0.732742605098185
545,545,0.7397262890677446
546,546,0.7656404841630139
547,547,0.7401713463760129
548,548,0.7393128341532629
549,549,0.6439453242435138
550,550,0.6112303326720008
551,551,0.720865912208077
552,552,0.6198337101753567
553,553,0.6329917604541097
554,554,0.6573807384648362
555,555,0.6563911417503984
556,556,0.6612389499323115
557,557,0.6245021930912676
558,558,0.6412852134383569
559,559,0.6929121431872739
560,560,0.6500475229734614
561,561,0.7353826587618205
562,562,0.6789565643790978
563,563,0.6667570489774427
564,564,0.7460823878406082
565,565,0.673880329032797
566,566,0.6460789321800535
567,567,0.6584671548124864
568,568,0.6641503937751918
569,569,0.8490377555726648
570,570,0.7390077221561113
571,571,0.7536877646374914
572,572,0.7125331305052477
573,573,0.7706346589137838
574,574,0.7023734047238336
575,575,0.7545554554077646
576,576,0.7517149402796433
577,577,0.7823812759343229
578,578,0.7449920054530544
579,579,0.6933816413169924
580,580,0.8202280520191829
581,581,0.6601607105254048
582,582,0.8146396511135521
583,583,0.8146159191197705
584,584,0.8193050922619233
585,585,0.834265709229478
586,586,0.818342286136978
587,587,0.8200154527328196
588,588,0.8167004782369502
589,589,0.6698030631415745
590,590,0.6519429648073691
591,591,0.7079481224535114
592,592,0.6483094030964596
593,593,0.6543518633382972
594,594,0.7333717094315199
595,595,0.6731463330599133
596,596,0.6889028149593244
597,597,0.6885549888107495
598,598,0.6396943788894262
599,599,0.7598731742880896
600,600,0.6577780837354236
601,601,0.664845613257108
602,602,0.6033107405775383
603,603,0.6561135130971171
604,604,0.6623610146892084
605,605,0.6513701135465171
606,606,0.6301696544023562
607,607,0.651777274722261
608,608,0.5898288359398494
609,609,0.6847059720649826
610,610,0.684852651216462
611,611,0.7029245647536624
612,612,0.7938105817647133
613,613,0.7088020680256164
614,614,0.748550276316581
615,615,0.7012505438132619
616,616,0.7098475456668332
617,617,0.7088329767154433
618,618,0.7014778399672547
619,619,0.6822494241567483
620,620,0.6881522060834622
621,621,0.7587925429521867
622,622,0.7294605254204988
623,623,0.6940945229878305
624,624,0.7085447219569301
625,625,0.6902203177051723
626,626,0.6541680369362445
627,627,0.6806228081727704
628,628,0.6888772095332851
629,629,0.7162141590597665
630,630,0.6967709115162374
631,631,0.6934911657178936
632,632,0.6175859709947872
633,633,0.6702253982809562
634,634,0.7113333742526242
635,635,0.6687491888140029
636,636,0.6609964979304642
637,637,0.6616890222502163
638,638,0.6636628664151809
639,639,0.6944390883230793
640,0,0.7984416626235313
641,1,0.7589296059735162
642,2,0.8152302337166946
643,3,0.8027846820513369
644,4,0.5235260107535746
645,5,0.8176820257097221
646,6,0.8435401210152919
647,7,0.84538278125116
648,8,0.8258510115723898
649,9,0.6592701257357011
650,10,0.7412446141699763
651,11,0.7318323127680015
652,12,0.7265529602145405
653,13,0.7602571820976363
654,14,0.7214010939990053
655,15,0.74151290860772
656,16,0.7198978390101336
657,17,0.7252418675766074
658,18,0.7264231305381393
659,19,0.6595608484635763
660,20,0.8258671092443953
661,21,0.8328295011161653
662,22,0.7266372280134951
663,23,0.8381100906580555
664,24,0.8256155990923989
665,25,0.8311284880654346
666,26,0.8143356212324998
667,27,0.8256159847536134
668,28,0.8271077667332394
669,29,0.7631953111202874
670,30,0.6114824569566646
671,31,0.6498902910914242
672,32,0.6391981618516627
673,33,0.6127775505740187
674,34,0.5913732722391235
675,35,0.5981074337471393
676,36,0.5721037754139671
677,37,0.6239839378370083
678,38,0.6358276312293746
679,39,0.640392562816197
680,40,0.607426137469485
681,41,0.7062937468035
682,42,0.6687156288727556
683,43,0.6166299479613174
684,44,0.6062090047127897
685,45,0.6068529700065668
686,46,0.6439836214087443
687,47,0.600057923092003
688,48,0.6167214092570963
689,49,0.7104997053897868
690,50,0.808006553592944
691,51,0.6282315118606336
692,52,0.750333897013459
693,53,0.8053549650482218
694,54,0.8044322467145434
695,55,0.7981958217095922
696,56,0.8393784347208021
697,57,0.8057405623056663
698,58,0.8048841009113412
699,59,0.6173431405809627
700,60,0.7054513408138179
701,61,0.51114744074362
702,62,0.7349996963745381
703,63,0.7128467859495212
704,64,0.7269193892183894
705,65,0.7229893784027992
706,66,0.6704314566270916
707,67,0.6896766393550445
708,68,0.7001874432320209
709,69,0.766763747910008
710,70,0.728340051000093
711,71,0.7309131702836509
712,72,0.686019410239409
713,73,0.7383229083052593
714,74,0.6663970397464191
715,75,0.7283561078714487
716,76,0.7319963714605009
717,77,0.7008687458696934
718,78,0.7356470554463505
719,79,0.7178651458400014
720,80,0.6365144645788922
721,81,0.8136009790444788
722,82,0.6845093550935683
723,83,0.662697761654227
724,84,0.6519660489777905
725,85,0.7001181005152328
726,86,0.6648353556868253
727,87,0.6618229190124031
728,88,0.6876702595601062
729,89,0.7784274291711505
730,90,0.7050291961439908
731,91,0.6443493098039258
732,92,0.7159102769679387
733,93,0.7259959344454685
734,94,0.720850841285385
735,95,0.727241588283568
736,96,0.6999747181326023
737,97,0.7132471541358233
738,98,0.701352051503486
739,99,0.6551242736256847
740,100,0.8302686209248882
741,101,0.6356027032801912
742,102,0.8812284692364938
743,103,0.83314882436367
744,104,0.8367929205231455
745,105,0.8293510925391726
746,106,0.8289628363460942
747,107,0.8366679608093754
748,108,0.8355295488453904
749,109,0.6850320134062163
750,110,0.7240859436795216
751,111,0.7514915051732894
752,112,0.6695166278835532
753,113,0.7485091724378988
754,114,0.7169357431158437
755,115,0.7267448204029008
756,116,0.7264244065743723
757,117,0.7092781772821191
758,118,0.7320911532540433
759,119,0.7299312959656982
760,120,0.6111239381347386
761,121,0.5820245437869507
762,122,0.6543885359008739
763,123,0.6211169620176081
764,124,0.6149865154850375
765,125,0.61123553382166
766,126,0.6134880948140043
767,127,0.6118857730667037
768,128,0.615338522765672
769,129,0.6275035706159126
770,130,0.8607708915772361
771,131,0.8046855029466526
772,132,0.8347808309097121
773,133,0.8658732572872103
774,134,0.8856470543472683
775,135,0.8636670630802296
776,136,0.8339574884460542
777,137,0.8660819133140294
778,138,0.862918808703268
779,139,0.8019755469095726
780,140,0.7150154806645282
781,141,0.8315228013822071
782,142,0.674311613235573
783,143,0.7158655706975826
784,144,0.7228653862856304
785,145,0.6961310213505045
786,146,0.7134233775534995
787,147,0.7213082733695465
788,148,0.687093105464055
789,149,0.7877494003955547
790,150,0.5980201439968544
791,151,0.7255427676930828
792,152,0.6879796217188202
793,153,0.6297322541274994
794,154,0.5934879843237332
795,155,0.6048228599020549
796,156,0.6234110797924757
797,157,0.6812004566214133
798,158,0.6661828045447699
799,159,0.7020201729197438
800,160,0.674013247198901
801,161,0.6815673199766222
802,162,0.6138235709837706
803,163,0.6239659869223444
804,164,0.7025694131352976
805,165,0.6421857179877414
806,166,0.6686042393291
807,167,0.6188791537834964
808,168,0.6506624764382244
809,169,0.6091221094378556
810,170,0.7553670134831252
811,171,0.7880813652575344
812,172,0.6742986345840807
813,173,0.7578618335963726
814,174,0.7737789050644873
815,175,0.7530157873180525
816,176,0.7450334134612063
817,177,0.7543591609337663
818,178,0.7317342463238229
819,179,0.8630061865187627
820,180,0.6903613624061115
821,181,0.6609443327851822
822,182,0.6940099144881515
823,183,0.6829213649530623
824,184,0.716635432005458
825,185,0.6861258880886686
826,186,0.690919866256072
827,187,0.6866531540576756
828,188,0.6899168146033242
829,189,0.698216065698462
830,190,0.6837650141877093
831,191,0.6602719042346297
832,192,0.6363866341636647
833,193,0.667817453561573
834,194,0.6004415472100748
835,195,0.7177691494814127
836,196,0.7309870201988715
837,197,0.7072545135052111
838,198,0.7253515890573029
839,199,0.6343402266745107
840,200,0.684950235833039
841,201,0.7595660749786022
842,202,0.7369599470755469
843,203,0.677845627292975
844,204,0.6900712212237607
845,205,0.7015687596238261
846,206,0.6743211562319469
847,207,0.6761414253957301
848,208,0.6859193066327459
849,209,0.70872027265071
850,210,0.8270049043346771
851,211,0.6391891511961645
852,212,0.8296747206613612
853,213,0.8334195939625817
854,214,0.8343032496368707
855,215,0.8338626586071567
856,216,0.8294683544635141
857,217,0.827930840564609
858,218,0.8317720229341782
859,219,0.6599394533362838
860,220,0.8388143217861935
861,221,0.7038437743958257
862,222,0.8417541931800531
863,223,0.8374533930158669
864,224,0.7994810469034602
865,225,0.8409271708663856
866,226,0.8460223135920906
867,227,0.818954422457506
868,228,0.852841276132718
869,229,0.717516848436855
870,230,0.6302483276054868
871,231,0.8572663626064906
872,232,0.6427742739871837
873,233,0.611168846367329
874,234,0.6268302118283386
875,235,0.6068780481313648
876,236,0.6103082447774489
877,237,0.6183703238331638
878,238,0.6267719528433557
879,239,0.6924169244815948
880,240,0.6061873677507224
881,241,0.6863966052398128
882,242,0.6053412779576762
883,243,0.6016372831135194
884,244,0.6156704017249987
885,245,0.6207841688053735
886,246,0.6079436819774237
887,247,0.5843221605238651
888,248,0.6025313611078682
889,249,0.735174135191879
890,250,0.6720882890046748
891,251,0.6858469005774016
892,252,0.731233833831097
893,253,0.6891280034428854
894,254,0.7440351555160073
895,255,0.7159104864816735
896,256,0.6704040072678692
897,257,0.7004105539194306
898,258,0.6729271997571458
899,259,0.6967490490689291
900,260,0.8387765881607409
901,261,0.6610373610264498
902,262,0.833447379195973
903,263,0.8366695128303485
904,264,0.8378886982586707
905,265,0.8347801853640879
906,266,0.8306295422866307
907,267,0.8274171310866002
908,268,0.8303618634953364
909,269,0.7236826434268664
910,270,0.7405999420950488
911,271,0.8393038497426801
912,272,0.6594960072818926
913,273,0.7525667347722341
914,274,0.6915948108780869
915,275,0.7672705213290043
916,276,0.7762433606567654
917,277,0.774536394810787
918,278,0.7483244842692011
919,279,0.7223319340374986
920,280,0.8013104251370193
921,281,0.7938684884280404
922,282,0.705208186637665
923,283,0.7998867022273417
924,284,0.813161957939886
925,285,0.8309770807283857
926,286,0.7242975240925443
927,287,0.7921474862946712
928,288,0.7940598919926105
929,289,0.5776993344853604
930,290,0.7082041026728445
931,291,0.7060025673954742
932,292,0.780142929050185
933,293,0.7133954788272322
934,294,0.70401979909506
935,295,0.6933782388796977
936,296,0.7271041934634758
937,297,0.7177106598967535
938,298,0.7102812018463847
939,299,0.8292378726963383
940,300,0.6644413020916526
941,301,0.6904988873484137
942,302,0.6636472000973141
943,303,0.6650811479409529
944,304,0.6710431335281088
945,305,0.667221369190966
946,306,0.6620498395758295
947,307,0.6817038267653914
948,308,0.6796917960709439
949,309,0.6665957956111453
950,310,0.672942552652819
951,311,0.6474222286186644
952,312,0.6543392940255516
953,313,0.6819908084181271
954,314,0.6266755029228995
955,315,0.6652672358141063
956,316,0.6428110561193846
957,317,0.5771145355484476
958,318,0.6262790273355464
959,319,0.6572687512390808
960,320,0.6842750121029207
961,321,0.834383090325231
962,322,0.6082866364165446
963,323,0.735676725367289
964,324,0.8260668216675732
965,325,0.7115916217499987
966,326,0.666133764694244
967,327,0.6915588196761149
968,328,0.7104495469968343
969,329,0.8148962963819485
970,330,0.7193548341929094
971,331,0.7183378183963985
972,332,0.7702379407246513
973,333,0.7112944251241138
974,334,0.6934077856532591
975,335,0.7229749725652176
976,336,0.6998077983428173
977,337,0.7024321269612259
978,338,0.719648376482557
979,339,0.6966793369257354
980,340,0.7141451371972245
981,341,0.6832768779324241
982,342,0.693716959822461
983,343,0.6831349217614834
984,344,0.710864956800754
985,345,0.71863059068501
986,346,0.7242801732892831
987,347,0.7095182904422391
988,348,0.7126282609371103
989,349,0.5678682081193183
990,350,0.6895661865243667
991,351,0.7434743148528903
992,352,0.7326924894774385
993,353,0.6613025854362439
994,354,0.7235004453019499
995,355,0.725738892520529
996,356,0.6858310863276442
997,357,0.6932544727281195
998,358,0.6737117041651902
999,359,0.754744804202784
1000,360,0.679425769793496
1001,361,0.6557075150078595
1002,362,0.7457790382059899
1003,363,0.6931920796203173
1004,364,0.6650642666251487
1005,365,0.6795429256568115
1006,366,0.6970681871340426
1007,367,0.6625966237089564
1008,368,0.6730773470225265
1009,369,0.6830554740173668
1010,370,0.8252368880939367
1011,371,0.7172547270719599
1012,372,0.7586717415892784
1013,373,0.831055188283416
1014,374,0.827853609762623
1015,375,0.8168796994091109
1016,376,0.8015445988852951
1017,377,0.8312650790520105
1018,378,0.827479291088413
1019,379,0.669116448664582
1020,380,0.7825794689281561
1021,381,0.8339948467029545
1022,382,0.7257666322153784
1023,383,0.7614865503500604
1024,384,0.7136039832459204
1025,385,0.7635800388399021
1026,386,0.8104282090363647
1027,387,0.7327269663565811
1028,388,0.7332782815982495
1029,389,0.8343288728421969
1030,390,0.6196171674239517
1031,391,0.69287488172779
1032,392,0.6494036428863199
1033,393,0.6282529839484866
1034,394,0.6670243944628503
1035,395,0.6143143097299385
1036,396,0.6408125193821421
1037,397,0.6756366961909508
1038,398,0.6104710766851313
1039,399,0.7073624533314692
1040,400,0.6155016302807836
1041,401,0.646211715265883
1042,402,0.6851086573187346
1043,403,0.6511555824227905
1044,404,0.6733280836790688
1045,405,0.6462845660919498
1046,406,0.6226364135789666
1047,407,0.5846568517532981
1048,408,0.6371305332444598
1049,409,0.8086221648459625
1050,410,0.6816826981983324
1051,411,0.7097016396691798
1052,412,0.6978362977623009
1053,413,0.681845232604834
1054,414,0.6904775522566274
1055,415,0.6858135275868773
1056,416,0.7251204995721949
1057,417,0.7029920087192228
1058,418,0.7108655637477084
1059,419,0.6992599952858929
1060,420,0.8413622578214995
1061,421,0.836510088832534
1062,422,0.8836689685094471
1063,423,0.8378203720963763
1064,424,0.8384681442569305
1065,425,0.8247916567363812
1066,426,0.8373768333221621
1067,427,0.8407097097855937
1068,428,0.8426470577721377
1069,429,0.8310969565979647
1070,430,0.7146124437890964
1071,431,0.6985746482277527
1072,432,0.6801797995362914
1073,433,0.7221680539669607
1074,434,0.6775026444318483
1075,435,0.7127738837833889
1076,436,0.7131538332465527
1077,437,0.712412480259363
1078,438,0.717757773180731
1079,439,0.6284806012141969
1080,440,0.7164747363902796
1081,441,0.8355561027360523
1082,442,0.7454537642644397
1083,443,0.7200190685897577
1084,444,0.653093107716766
1085,445,0.6969412827019051
1086,446,0.7240121450722314
1087,447,0.7108111944347199
1088,448,0.7206625202895319
1089,449,0.7096815896379506
1090,450,0.7161182941501173
1091,451,0.6525168078303055
1092,452,0.7374784678724324
1093,453,0.7174252906715124
1094,454,0.6966652716995801
1095,455,0.7188027065876649
1096,456,0.7816960090586794
1097,457,0.7174340173755448
1098,458,0.7200973492666338
1099,459,0.6527223132803426
1100,460,0.6805334846226666
1101,461,0.665518254224361
1102,462,0.6675990936727781
1103,463,0.6675414072328869
1104,464,0.6775087986275149
1105,465,0.6700463735308775
1106,466,0.6689124197287941
1107,467,0.6686329308050225
1108,468,0.6782689475951232
1109,469,0.6352945693671918
1110,470,0.664091954183542
1111,471,0.725673444985381
1112,472,0.6623829204238713
1113,473,0.6821776575635541
1114,474,0.6978879651204715
1115,475,0.6589065500280628
1116,476,0.6542540172006878
1117,477,0.6684078877466907
1118,478,0.649912956930399
1119,479,0.7153632926007082
1120,480,0.5580341145205502
1121,481,0.6607859605043932
1122,482,0.5771720249989453
1123,483,0.5759686752465208
1124,484,0.5461758120666831
1125,485,0.5691291975069773
1126,486,0.5616907097391831
1127,487,0.5763198385772863
1128,488,0.5506198999986831
1129,489,0.6853101615717591
1130,490,0.7047025275604349
1131,491,0.6978470954979253
1132,492,0.7166070548954011
1133,493,0.7025308825153558
1134,494,0.7209504468188457
1135,495,0.6808107867544794
1136,496,0.6454171295326029
1137,497,0.6982216611523742
1138,498,0.6844568154985362
1139,499,0.6139260925086127
1140,500,0.8183926741361293
1141,501,0.6498546879613519
1142,502,0.7564568020197643
1143,503,0.8265137216381022
1144,504,0.804536646959057
1145,505,0.8216345096922324
1146,506,0.8230225841858536
1147,507,0.8244343839667221
1148,508,0.8197887902466953
1149,509,0.6955650473776761
1150,510,0.7003286672459694
1151,511,0.7633307180722255
1152,512,0.6700808089423625
1153,513,0.7011677246890851
1154,514,0.7184380341795417
1155,515,0.7139810421846889
1156,516,0.7135397125867262
1157,517,0.7001967140485925
1158,518,0.6486100182589799
1159,519,0.8328909636608103
1160,520,0.6413492187389648
1161,521,0.6603496441699095
1162,522,0.661567997891782
1163,523,0.6409434340592587
1164,524,0.6375805535001602
1165,525,0.6223032255108981
1166,526,0.6225652451586199
1167,527,0.6845415250138921
1168,528,0.6460983303668983
1169,529,0.7407191433231212
1170,530,0.785829665664655
1171,531,0.7096225404430934
1172,532,0.8059390554747872
1173,533,0.7898988495672666
1174,534,0.7872033444002526
1175,535,0.8225188033159797
1176,536,0.805422227001966
1177,537,0.7864788434709526
1178,538,0.814768345928397
1179,539,0.7277394398744893
1180,540,0.7200418651026668
1181,541,0.6746108654656526
1182,542,0.7864465879783322
1183,543,0.7219825772769958
1184,544,0.7219228153966079
1185,545,0.7234640788779373
1186,546,0.6972615209504298
1187,547,0.7272805273475674
1188,548,0.7269061376006681
1189,549,0.6483826901456664
1190,550,0.7247711837190954
1191,551,0.7433550031174275
1192,552,0.663960365790563
1193,553,0.7244315653951785
1194,554,0.6784659843925446
1195,555,0.7291650130906042
1196,556,0.7274075464886691
1197,557,0.7278450171862775
1198,558,0.7342862860202177
1199,559,0.6644816693958397
1200,560,0.7183064553030187
1201,561,0.6864166660295572
1202,562,0.6713553789271022
1203,563,0.7243254280270977
1204,564,0.6162906298827623
1205,565,0.7333036599344699
1206,566,0.7277376244873389
1207,567,0.6926929274736945
1208,568,0.7233595309076827
1209,569,0.6015548367847885
1210,570,0.7045217569898301
1211,571,0.8001393859279895
1212,572,0.7376792631851994
1213,573,0.7221648259028908
1214,574,0.7169927598930443
1215,575,0.7164206708552672
1216,576,0.7042197589697848
1217,577,0.7152225986031382
1218,578,0.7319169416818456
1219,579,0.8151512988477068
1220,580,0.7984436056857169
1221,581,0.6948080709141393
1222,582,0.8623580989492944
1223,583,0.7999399381729703
1224,584,0.7602953644541459
1225,585,0.7744713158089129
1226,586,0.7692267901655813
1227,587,0.769569505020961
1228,588,0.7935705217976092
1229,589,0.6618122055343092
1230,590,0.6593232958512092
1231,591,0.6811056730121613
1232,592,0.629068837512546
1233,593,0.6891848571861467
1234,594,0.7314304449225291
1235,595,0.6913601074406832
1236,596,0.6978559778195711
1237,597,0.6864536762930796
1238,598,0.7075288856830626
1239,599,0.5768996905794919
1240,600,0.5852933867515058
1241,601,0.7153558077165395
1242,602,0.6269139071039176
1243,603,0.5733507147920945
1244,604,0.6115927330045436
1245,605,0.5937226827256274
1246,606,0.6060383496719024
1247,607,0.593606253777049
1248,608,0.5811894526659492
1249,609,0.7288774989671615
1250,610,0.7903047744225622
1251,611,0.700782065947674
1252,612,0.8269980469146602
1253,613,0.8242664928298198
1254,614,0.7558765996394852
1255,615,0.8109733382216534
1256,616,0.74703065731155
1257,617,0.8423624720845153
1258,618,0.8231983254517451
1259,619,0.6469322827275108
1260,620,0.6794715570491321
1261,621,0.6918255463355713
1262,622,0.6619966901042679
1263,623,0.6559560786913781
1264,624,0.6635631969132119
1265,625,0.6754292261031175
1266,626,0.6588633881305468
1267,627,0.691698253083834
1268,628,0.7007591869158479
1269,629,0.6956275294475577
1270,630,0.6035262949600202
1271,631,0.777293927003518
1272,632,0.7231102731105621
1273,633,0.630353635841918
1274,634,0.6479973585901196
1275,635,0.6709263645405569
1276,636,0.7055911387554672
1277,637,0.6411771735051787
1278,638,0.6681562015522563
1279,639,0.8335123788038735
1280,0,0.705664140528984
1281,1,0.6709210985836825
1282,2,0.6761364922511
1283,3,0.653478803427384
1284,4,0.6560350928379592
1285,5,0.6650616964982747
1286,6,0.652465322494106
1287,7,0.6098021737324013
1288,8,0.6682261464665102
1289,9,0.6834429454746053
1290,10,0.6920205989780094
1291,11,0.7149390174715899
1292,12,0.6652859889609819
1293,13,0.6693243434668603
1294,14,0.7262640064971287
1295,15,0.7055228521757448
1296,16,0.7126270344676918
1297,17,0.6996560091906328
1298,18,0.7060898125229506
1299,19,0.6534529760420674
1300,20,0.7039349169244287
1301,21,0.683077868625403
1302,22,0.7216368233023902
1303,23,0.6855751802171055
1304,24,0.7400808834381294
1305,25,0.7255451157936456
1306,26,0.7499193798343518
1307,27,0.7125457551841978
1308,28,0.7021794774350832
1309,29,0.5937491351601272
1310,30,0.6849963784450737
1311,31,0.7530918072092397
1312,32,0.7018236970514317
1313,33,0.6854632820030256
1314,34,0.6985427128957008
1315,35,0.704368867956409
1316,36,0.6788530945601994
1317,37,0.673465088660114
1318,38,0.6632209274809747
1319,39,0.7000988985455978
1320,40,0.7136242860140264
1321,41,0.7185876024874537
1322,42,0.6547157749213984
1323,43,0.7125629323709346
1324,44,0.7646949101655429
1325,45,0.7408954771078649
1326,46,0.7277502449483021
1327,47,0.686251751751864
1328,48,0.7237746544027202
1329,49,0.6272642889994321
1330,50,0.7243718211187351
1331,51,0.6898065692445753
1332,52,0.7194103383186966
1333,53,0.7152960433987074
1334,54,0.7572973260478522
1335,55,0.7231075391228716
1336,56,0.7790590223736177
1337,57,0.7444025675801053
1338,58,0.7564397618955624
1339,59,0.7623431240595893
1340,60,0.6687630181208339
1341,61,0.6732729967087536
1342,62,0.6654955356665817
1343,63,0.6966844641921575
1344,64,0.6713203706625394
1345,65,0.6613709136141779
1346,66,0.6775228069541465
1347,67,0.6966449545963274
1348,68,0.6704661015004652
1349,69,0.6713103202052656
1350,70,0.6314656129931344
1351,71,0.6507598783715122
1352,72,0.550526360373438
1353,73,0.6459639235857225
1354,74,0.6559610592207392
1355,75,0.6240652988484635
1356,76,0.6518656150081773
1357,77,0.6076436304220364
1358,78,0.6439864326242813
1359,79,0.6270139467722423
1360,80,0.6525112587740167
1361,81,0.6427029422951008
1362,82,0.6829503859424235
1363,83,0.6377179320301118
1364,84,0.6494065255355502
1365,85,0.6871601517063541
1366,86,0.6229071692637186
1367,87,0.631113597895041
1368,88,0.6758275557363291
1369,89,0.7027071131621017
1370,90,0.7904264615857518
1371,91,0.8253023537037381
1372,92,0.7459367008444856
1373,93,0.7731756427482195
1374,94,0.7030560558585228
1375,95,0.7636940513203337
1376,96,0.7533821973809096
1377,97,0.7962553328543424
1378,98,0.7751580145768661
1379,99,0.8040829695470326
1380,100,0.7553255569430063
1381,101,0.7015067737514337
1382,102,0.8348939661968907
1383,103,0.7557050244231165
1384,104,0.7551704507284934
1385,105,0.7516580358963156
1386,106,0.7209751691429472
1387,107,0.7570104962037796
1388,108,0.7637720825961577
1389,109,0.7226547686599903
1390,110,0.7318207828986819
1391,111,0.6775482383824077
1392,112,0.6785074614267367
1393,113,0.7194603846112768
1394,114,0.7459929448357712
1395,115,0.7281023633966076
1396,116,0.7390506851752813
1397,117,0.7174995451573705
1398,118,0.7525481482309472
1399,119,0.6901366491074514
1400,120,0.6129547797769211
1401,121,0.7053503880947303
1402,122,0.6125404815829971
1403,123,0.6053230691079833
1404,124,0.7063811387177857
1405,125,0.6174775489947393
1406,126,0.6467614167120538
1407,127,0.6259189631039904
1408,128,0.6427725418482313
1409,129,0.7262540138944503
1410,130,0.7275976732631825
1411,131,0.615229795248685
1412,132,0.764853300080489
1413,133,0.7185835239991383
1414,134,0.7057805524498472
1415,135,0.7206689223153641
1416,136,0.7325941240424607
1417,137,0.6949556850322764
1418,138,0.7077201017019874
1419,139,0.6695948281411769
1420,140,0.6634196091893296
1421,141,0.7568252362199785
1422,142,0.7498721755836063
1423,143,0.6722449101724693
1424,144,0.6741687261013868
1425,145,0.6878441575330798
1426,146,0.7283351156250859
1427,147,0.6662678602403006
1428,148,0.675050228446253
1429,149,0.76763604787126
1430,150,0.609190063205209
1431,151,0.7426755582394706
1432,152,0.6427046651612535
1433,153,0.6603883449776354
1434,154,0.5887148589239121
1435,155,0.6492340421036107
1436,156,0.6621576820758966
1437,157,0.6416370501387332
1438,158,0.619912491256929
1439,159,0.7189731426060464
1440,160,0.7171062838576108
1441,161,0.8356011718402043
1442,162,0.6059016825628042
1443,163,0.7309891049521688
1444,164,0.7325041296790243
1445,165,0.6993643534953713
1446,166,0.742594763634631
1447,167,0.7067766004932617
1448,168,0.7238398321653918
1449,169,0.8714738656423102
1450,170,0.6817324751040661
1451,171,0.6788296209978645
1452,172,0.6939519500405601
1453,173,0.6985674883319924
1454,174,0.6885986705577438
1455,175,0.6833138100002129
1456,176,0.6965917534666256
1457,177,0.6889209813732409
1458,178,0.6932242427375928
1459,179,0.646761000603683
1460,180,0.8283450628960999
1461,181,0.6476628142703249
1462,182,0.7734921614830155
1463,183,0.8300639159181915
1464,184,0.8041452996640536
1465,185,0.8354238728741444
1466,186,0.8150238215613018
1467,187,0.8312611727396257
1468,188,0.8248455518701341
1469,189,0.5926229630895684
1470,190,0.6691013837599894
1471,191,0.7019193745195937
1472,192,0.6876487758762354
1473,193,0.6853509409524995
1474,194,0.6991781083803661
1475,195,0.6821753291107264
1476,196,0.7002090936868092
1477,197,0.7273538090606771
1478,198,0.6760318974157092
1479,199,0.7994828684820229
1480,200,0.6629394775978902
1481,201,0.5626276477223876
1482,202,0.6373971049575123
1483,203,0.6521000644941071
1484,204,0.6365574918221434
1485,205,0.6359214055188737
1486,206,0.6848946592671573
1487,207,0.6675421270118991
1488,208,0.6852372599125561
1489,209,0.7340415927890893
1490,210,0.8604503154993295
1491,211,0.6857954061551378
1492,212,0.8464475524026199
1493,213,0.861171609733403
1494,214,0.8442402723267178
1495,215,0.8559982972541283
1496,216,0.8532292532021714
1497,217,0.8577416843054328
1498,218,0.8608071965541302
1499,219,0.6801412813587759
1500,220,0.7887841819725677
1501,221,0.807487010225511
1502,222,0.7254714533179495
1503,223,0.7802856571149865
1504,224,0.7839543618999253
1505,225,0.7722275561477405
1506,226,0.8207603581622469
1507,227,0.7509977794354525
1508,228,0.7630480859503154
1509,229,0.8380360299237838
1510,230,0.6305995054504409
1511,231,0.6723157943523506
1512,232,0.5838561072746858
1513,233,0.6365654946653192
1514,234,0.6853180278147585
1515,235,0.660632930931754
1516,236,0.6640621274270823
1517,237,0.6506959922566382
1518,238,0.6460570097505959
1519,239,0.6457053222358409
1520,240,0.6356547223326104
1521,241,0.7751091985241659
1522,242,0.7320183498647855
1523,243,0.654232093197747
1524,244,0.6530510764174566
1525,245,0.5950409611394437
1526,246,0.63131804168957
1527,247,0.6088519560602805
1528,248,0.6337774321916966
1529,249,0.7966650756280514
1530,250,0.6977854127700575
1531,251,0.747740626020759
1532,252,0.6799683624865472
1533,253,0.7230564617992692
1534,254,0.7302901616615537
1535,255,0.7149102838248451
1536,256,0.6829391076853182
1537,257,0.7222388029317836
1538,258,0.7232268580977885
1539,259,0.6789772271116012
1540,260,0.8350253208824796
1541,261,0.8253147545861884
1542,262,0.8329515882995706
1543,263,0.8351149694836201
1544,264,0.833554820904127
1545,265,0.8322812525644335
1546,266,0.8340385628726821
1547,267,0.838311157008111
1548,268,0.8368160523160482
1549,269,0.7655338652333343
1550,270,0.645745454983433
1551,271,0.6217035502696139
1552,272,0.6642198726585407
1553,273,0.6562545374636417
1554,274,0.6831359414695387
1555,275,0.6397738815739827
1556,276,0.648897867812562
1557,277,0.6266722502471251
1558,278,0.6341850543619576
1559,279,0.6692204477318534
1560,280,0.620770289212207
1561,281,0.8031987632653083
1562,282,0.629953953296027
1563,283,0.6266163550406806
1564,284,0.6110972965595204
1565,285,0.6160768376445412
1566,286,0.6079345930255213
1567,287,0.6191737065533167
1568,288,0.6473352556782899
1569,289,0.7171510731899354
1570,290,0.7916858846487166
1571,291,0.7149982100744011
1572,292,0.8515834844180427
1573,293,0.7595072876868056
1574,294,0.7560332892873811
1575,295,0.7845511444187933
1576,296,0.7303643745913472
1577,297,0.7889926210491467
1578,298,0.7559954401671618
1579,299,0.7174225020583271
1580,300,0.6854673396887269
1581,301,0.6481026593299309
1582,302,0.6981151495194796
1583,303,0.7115919925783432
1584,304,0.7197203023654384
1585,305,0.6822012830611883
1586,306,0.6624279097368846
1587,307,0.6743486565669174
1588,308,0.6797699248029679
1589,309,0.6305369185842111
1590,310,0.8016486328546265
1591,311,0.807801302017369
1592,312,0.8560505665482082
1593,313,0.8223869287713063
1594,314,0.7365767753825738
1595,315,0.8097022654530796
1596,316,0.8141121414969651
1597,317,0.8191358685984776
1598,318,0.8227367040045596
1599,319,0.7938185239881332
1600,320,0.705450253696357
1601,321,0.6882129145817845
1602,322,0.6418849597973539
1603,323,0.6066619230049433
1604,324,0.7341984632538551
1605,325,0.5516859262747512
1606,326,0.6648285893990541
1607,327,0.7391843011799639
1608,328,0.6534061778754421
1609,329,0.7045153988457722
1610,330,0.6982762568392832
1611,331,0.8346157999218048
1612,332,0.6678753387992619
1613,333,0.6893233990227524
1614,334,0.79221712425931
1615,335,0.6932649890213357
1616,336,0.708619545644864
1617,337,0.7235581791094822
1618,338,0.7106483184993354
1619,339,0.8222822417114858
1620,340,0.7546579157273304
1621,341,0.7281466269202658
1622,342,0.773208272287494
1623,343,0.7566401643591804
1624,344,0.7609166508169257
1625,345,0.7566212349636354
1626,346,0.6838946539934267
1627,347,0.7531610616530002
1628,348,0.7560221807663701
1629,349,0.678464681789943
1630,350,0.6395260442475161
1631,351,0.6844304843615165
1632,352,0.6553834189711943
1633,353,0.6616833996296481
1634,354,0.6600304982909448
1635,355,0.6389582504847872
1636,356,0.6784488313993621
1637,357,0.6731343468079805
1638,358,0.6694645985561892
1639,359,0.647772930382137
1640,360,0.6380501524504067
1641,361,0.6776048438590473
1642,362,0.6484674063403844
1643,363,0.6385768671791887
1644,364,0.6385133591155091
1645,365,0.6390701998818277
1646,366,0.662834508544583
1647,367,0.6497019546509988
1648,368,0.6349680863361442
1649,369,0.7230498269024174
1650,370,0.847508336881353
1651,371,0.6888934628821756
1652,372,0.8378052433267582
1653,373,0.848336702301512
1654,374,0.8337416320991768
1655,375,0.881995361804764
1656,376,0.855577843249057
1657,377,0.6847806893105067
1658,378,0.8437861348695179
1659,379,0.6631174174169155
1660,380,0.8133097806232009
1661,381,0.7149495348739978
1662,382,0.7483781790386025
1663,383,0.8130093249671667
1664,384,0.8270974812889373
1665,385,0.8144358126348221
1666,386,0.7605840505519604
1667,387,0.7943787092497279
1668,388,0.8134201142921803
1669,389,0.7224016613040428
1670,390,0.6096460866792854
1671,391,0.7263596073149488
1672,392,0.5863232938572356
1673,393,0.6675306738132152
1674,394,0.5768050304494904
1675,395,0.6605393295759446
1676,396,0.6342088723493844
1677,397,0.6355805049618697
1678,398,0.665617599293295
1679,399,0.693391262937564
1680,400,0.6379760468051298
1681,401,0.6730530644268821
1682,402,0.7809383429149146
1683,403,0.6342824123419456
1684,404,0.591765046608885
1685,405,0.6490250572070823
1686,406,0.6377181628945936
1687,407,0.637867362013077
1688,408,0.6320390138363036
1689,409,0.7250562149703442
1690,410,0.7488353955239369
1691,411,0.6972965614200848
1692,412,0.7299062685576172
1693,413,0.7494437130813038
1694,414,0.7962197439647886
1695,415,0.7572242771598103
1696,416,0.712141285112555
1697,417,0.743260997754094
1698,418,0.740684985062906
1699,419,0.8624073483897385
1700,420,0.8560059656707603
1701,421,0.7045232699812496
1702,422,0.8392070925764943
1703,423,0.8354665112031046
1704,424,0.8646929860734864
1705,425,0.8372835098648652
1706,426,0.8527165217344601
1707,427,0.8373566545356212
1708,428,0.8662040640308462
1709,429,0.7237410813452969
1710,430,0.6833235939920426
1711,431,0.6887681557779288
1712,432,0.6607808459942689
1713,433,0.6747538396373969
1714,434,0.6545208162679695
1715,435,0.6317031519019949
1716,436,0.6707569549864351
1717,437,0.6858841046542705
1718,438,0.6560412553119106
1719,439,0.7124014676728623
1720,440,0.7004794189495862
1721,441,0.6772302823372024
1722,442,0.6799557147266403
1723,443,0.7048565854003855
1724,444,0.6610620438063854
1725,445,0.6915612098703451
1726,446,0.6897871239975889
1727,447,0.6626564617081835
1728,448,0.66991206640843
1729,449,0.6131548331011895
1730,450,0.7575871061239737
1731,451,0.8026185928644511
1732,452,0.8281821600443349
1733,453,0.7545492375149918
1734,454,0.7625163089465213
1735,455,0.7528907192395542
1736,456,0.7322268715634896
1737,457,0.7591433190974476
1738,458,0.757925346356074
1739,459,0.8297477326641032
1740,460,0.7223523457030593
1741,461,0.7464405872574368
1742,462,0.7581017052787151
1743,463,0.7236475580430687
1744,464,0.7205710401295752
1745,465,0.7106843963188547
1746,466,0.6821786250729147
1747,467,0.7254354244064467
1748,468,0.7314177974815946
1749,469,0.7391593245961972
1750,470,0.6732767310241995
1751,471,0.6727784957725115
1752,472,0.7898872420882661
1753,473,0.6945017882222855
1754,474,0.6421232330452753
1755,475,0.6970379747685108
1756,476,0.6977946399019171
1757,477,0.7132441138359419
1758,478,0.7064596975786769
1759,479,0.6404451011425668
1760,480,0.5947144770813709
1761,481,0.6586074576967474
1762,482,0.5901664695738099
1763,483,0.6132143634838775
1764,484,0.6254313828676357
1765,485,0.5918732303629982
1766,486,0.5664696645090563
1767,487,0.6149016268633076
1768,488,0.5854819058756268
1769,489,0.6378847805503953
1770,490,0.7285855794835092
1771,491,0.7445645898148939
1772,492,0.7165607332411753
1773,493,0.7504867700818458
1774,494,0.6967137689817927
1775,495,0.7305468648629608
1776,496,0.7317088376884484
1777,497,0.7409760942497741
1778,498,0.7394000043309705
1779,499,0.6717690399027907
1780,500,0.7888033423521819
1781,501,0.7153837661382195
1782,502,0.7154599795186081
1783,503,0.7687301962573552
1784,504,0.837705489326313
1785,505,0.7935986310019635
1786,506,0.8311061224703991
1787,507,0.7928682216431499
1788,508,0.7983301133447801
1789,509,0.723682407414268
1790,510,0.6907691965550792
1791,511,0.6972337243229288
1792,512,0.7463778875572626
1793,513,0.6922528816979984
1794,514,0.6680847375883018
1795,515,0.6898710116437485
1796,516,0.7042426965924515
1797,517,0.7023299508292238
1798,518,0.6651892385674348
1799,519,0.6744167328775208
1800,520,0.6507874002704331
1801,521,0.8361213576237091
1802,522,0.7146935578315445
1803,523,0.6558693567312893
1804,524,0.657485931917173
1805,525,0.6556370325997086
1806,526,0.6475312392346594
1807,527,0.6450206159210065
1808,528,0.655390501877752
1809,529,0.8363199366875474
1810,530,0.8090315598488691
1811,531,0.6478577889321515
1812,532,0.758419915163458
1813,533,0.777724725099879
1814,534,0.8298795585808342
1815,535,0.7838958281663811
1816,536,0.823453344147596
1817,537,0.8105750257641005
1818,538,0.7918450075405643
1819,539,0.7101445775255002
1820,540,0.663780744643295
1821,541,0.5327669569607271
1822,542,0.7183071095405822
1823,543,0.6636123743780327
1824,544,0.6596519312207939
1825,545,0.6684359607379493
1826,546,0.6644143871783562
1827,547,0.6860848277589973
1828,548,0.6732898157212968
1829,549,0.673522505239662
1830,550,0.6717544594861432
1831,551,0.6927839362803262
1832,552,0.6495845543958134
1833,553,0.6746553949084338
1834,554,0.6617428417137632
1835,555,0.6416568352956119
1836,556,0.6565452700645461
1837,557,0.6197089178584382
1838,558,0.6761061006021417
1839,559,0.7228195174958565
1840,560,0.6868323849829377
1841,561,0.8240994360892476
1842,562,0.6747649224905862
1843,563,0.6751789341688302
1844,564,0.6381787918124323
1845,565,0.6613099808274225
1846,566,0.5866092881288298
1847,567,0.6695673990756822
1848,568,0.6835136403840413
1849,569,0.8065008654204505
1850,570,0.6997218686358155
1851,571,0.6860170801611242
1852,572,0.6688314840739812
1853,573,0.7301800030854293
1854,574,0.6774593744612877
1855,575,0.7452968036535916
1856,576,0.7185837623375144
1857,577,0.7160646739976174
1858,578,0.7155447459226638
1859,579,0.6511887235075006
1860,580,0.7433812042674766
1861,581,0.574436309968238
1862,582,0.838061495846871
1863,583,0.7567824848936682
1864,584,0.7777293516986048
1865,585,0.7589722215683296
1866,586,0.7143749861702865
1867,587,0.756847873691562
1868,588,0.7494146521873908
1869,589,0.6301057690406106
1870,590,0.7421191619528036
1871,591,0.7253243954057995
1872,592,0.7071787207260084
1873,593,0.762249826429671
1874,594,0.7019212942574676
1875,595,0.7412424525336314
1876,596,0.7364281535793985
1877,597,0.7421375107678716
1878,598,0.7334354412797113
1879,599,0.7134843399174654
1880,600,0.5860810466714385
1881,601,0.5474425744127578
1882,602,0.6109134035598639
1883,603,0.6091253324290323
1884,604,0.5944534228556547
1885,605,0.6130387157664485
1886,606,0.6093985951022036
1887,607,0.6581582036328745
1888,608,0.6091011122758316
1889,609,0.6738699411763418
1890,610,0.7976123564666383
1891,611,0.6646279658977607
1892,612,0.7039878409185442
1893,613,0.7982348335302573
1894,614,0.8516894990140677
1895,615,0.8055898776719089
1896,616,0.8246771789406948
1897,617,0.7331018301002357
1898,618,0.8194065681220422
1899,619,0.782934114610005
1900,620,0.7123044184923049
1901,621,0.8089500421524578
1902,622,0.7234357511987731
1903,623,0.7041756479647208
1904,624,0.6700760094359145
1905,625,0.7151854545295069
1906,626,0.7276236041863386
1907,627,0.7108882404084211
1908,628,0.6865656492513877
1909,629,0.7594858766761378
1910,630,0.6388608167735194
1911,631,0.6840865794166475
1912,632,0.7494236472542417
1913,633,0.6637989180826478
1914,634,0.6726432733091188
1915,635,0.6562459355329366
1916,636,0.630218481253584
1917,637,0.6781506361770442
1918,638,0.6752140908345631
1919,639,0.677499901531637
1920,0,0.9580240823487408
1921,1,0.223121149598915
1922,2,0.957926803747462
1923,3,0.957978437578942
1924,4,0.9585494550753824
1925,5,0.9574604453089196
1926,6,0.9581042532161468
1927,7,0.9579218973107776
1928,8,0.9583633734296638
1929,9,0.1920476889564555
1930,10,0.2258501521062498
1931,11,0.2295101654811679
1932,12,0.2185904047735697
1933,13,0.1989854307140685
1934,14,0.1878040957385488
1935,15,0.1944877190492079
1936,16,0.2658324063493147
1937,17,0.2059201873473686
1938,18,0.1979747031127172
1939,19,0.2145661311549652
1940,20,0.2028729557807509
1941,21,0.1668073323370933
1942,22,0.1854138516296349
1943,23,0.1870519317883242
1944,24,0.1737954313462842
1945,25,0.1888683750530526
1946,26,0.1965835500622395
1947,27,0.2050506075377043
1948,28,0.2278331931737159
1949,29,0.1835243500219812
1950,30,0.2483026003691448
1951,31,0.2175828195955143
1952,32,0.2033005172487451
1953,33,0.2068554721850455
1954,34,0.2121470445279129
1955,35,0.2078637193305273
1956,36,0.2353132514278967
1957,37,0.2049835927676333
1958,38,0.222346825233145
1959,39,0.1960050640353002
1960,40,0.210844484742634
1961,41,0.2046395371758253
1962,42,0.2242362019847393
1963,43,0.2360217744887723
1964,44,0.2351787314245227
1965,45,0.2059853352345447
1966,46,0.2397433216580035
1967,47,0.233530857913699
1968,48,0.2454255534206682
1969,49,0.181161325919066
1970,50,0.2046081539398136
1971,51,0.2047115277977372
1972,52,0.2176892535486886
1973,53,0.213469844742254
1974,54,0.1733870683070252
1975,55,0.2016736884736674
1976,56,0.1607236139635643
1977,57,0.2167095606692236
1978,58,0.1961603773063455
1979,59,0.1640074916671144
1980,60,0.2068494712619027
1981,61,0.2076122468512244
1982,62,0.2082612360316114
1983,63,0.200231909333764
1984,64,0.1946015888363823
1985,65,0.2221856043935927
1986,66,0.2227593900019193
1987,67,0.219640723466357
1988,68,0.2170805565534737
1989,69,0.231300843129243
1990,70,0.2331488840680943
1991,71,0.2182105877373023
1992,72,0.2513370590174671
1993,73,0.235854965041329
1994,74,0.234190854386916
1995,75,0.2230321702702657
1996,76,0.1893035961510507
1997,77,0.2085574636319724
1998,78,0.1999325954551816
1999,79,0.2078284837178802
2000,80,0.2165370117859099
2001,81,0.1889276712685474
2002,82,0.1910921989361468
2003,83,0.1895638991719351
2004,84,0.2000109392075306
2005,85,0.2113690510803718
2006,86,0.2043809934335546
2007,87,0.2276865778212911
2008,88,0.189524135081367
2009,89,0.1524621196001868
2010,90,0.2464096912077631
2011,91,0.2333274628456435
2012,92,0.2252031528485147
2013,93,0.2044619677113359
2014,94,0.2384101308980093
2015,95,0.2046952565329248
2016,96,0.2411015237931452
2017,97,0.2386949870028174
2018,98,0.2189245526719154
2019,99,0.2336999122379838
2020,100,0.1953922547268
2021,101,0.2080745314494356
2022,102,0.1920013877530373
2023,103,0.1921837979814482
2024,104,0.2088601171809673
2025,105,0.2120652051531275
2026,106,0.1877096215209527
2027,107,0.1995642928499108
2028,108,0.2092339609012909
2029,109,0.1915514598849133
2030,110,0.1843480268275541
2031,111,0.2176680236998736
2032,112,0.1876002551709424
2033,113,0.1818858557658417
2034,114,0.1820904695247945
2035,115,0.1885389382088303
2036,116,0.2304749515000187
2037,117,0.2052191404212256
2038,118,0.2025139606399161
2039,119,0.2003407846282298
2040,120,0.2229001461569309
2041,121,0.2354048292195239
2042,122,0.225358899944749
2043,123,0.2425282310154703
2044,124,0.2282881306723671
2045,125,0.2124143500873981
2046,126,0.2078505281472379
2047,127,0.17937789959501
2048,128,0.2159825218092459
2049,129,0.2013233249409826
2050,130,0.1957680344698154
2051,131,0.1985453087374088
2052,132,0.2050724441583609
2053,133,0.212718702101077
2054,134,0.2034919703233297
2055,135,0.1871968510531946
2056,136,0.2354967446188312
2057,137,0.2196267043089669
2058,138,0.1698021381590355
2059,139,0.2176282327089434
2060,140,0.2452286255955134
2061,141,0.1964655225684608
2062,142,0.2203566759304911
2063,143,0.225475876658052
2064,144,0.2171714290314356
2065,145,0.1981866024183372
2066,146,0.2094550023134666
2067,147,0.2282656686587641
2068,148,0.2212061966635864
2069,149,0.2088192319384541
2070,150,0.2612098620595302
2071,151,0.2447911162362242
2072,152,0.223115793983611
2073,153,0.2238267082144021
2074,154,0.2285881114434417
2075,155,0.2006491399018342
2076,156,0.2166068425195214
2077,157,0.2225799570239182
2078,158,0.2398533990389187
2079,159,0.2164533671218687
2080,160,0.2060750080738657
2081,161,0.2610741599962927
2082,162,0.1880198734142711
2083,163,0.2078727261644933
2084,164,0.231327499266257
2085,165,0.2265154444213004
2086,166,0.2126935662059929
2087,167,0.2264915681638086
2088,168,0.2456543297174635
2089,169,0.2546337865056382
2090,170,0.2186609333847951
2091,171,0.1988469480294078
2092,172,0.1965584810281746
2093,173,0.2114947787416952
2094,174,0.2429410812274548
2095,175,0.2508828054402825
2096,176,0.2383810019949871
2097,177,0.1930895517706599
2098,178,0.2125675956164667
2099,179,0.2442105459008203
2100,180,0.2224809381095825
2101,181,0.2013258195662736
2102,182,0.2177591189697136
2103,183,0.2136847173341352
2104,184,0.1741333849413773
2105,185,0.2308351220107429
2106,186,0.2096826738268329
2107,187,0.1713963876301815
2108,188,0.2182469225971088
2109,189,0.2118941692943992
2110,190,0.1762119634577715
2111,191,0.1843725922476871
2112,192,0.1911903912828775
2113,193,0.1991596280834163
2114,194,0.1919782805502949
2115,195,0.1863245055950986
2116,196,0.2081401363457917
2117,197,0.2211923423306172
2118,198,0.1755300210435881
2119,199,0.1934899651991808
2120,200,0.2331111834665783
2121,201,0.2223652007562492
2122,202,0.2166516339210377
2123,203,0.2295104681652271
2124,204,0.2355498471089741
2125,205,0.1907039933528817
2126,206,0.2298752225189204
2127,207,0.2256965812314271
2128,208,0.2167063226359801
2129,209,0.1877056396868947
2130,210,0.2349702832179682
2131,211,0.1874815119983124
2132,212,0.2008863094221302
2133,213,0.1896504130601795
2134,214,0.1462204018805458
2135,215,0.1753885428800696
2136,216,0.1962698456278328
2137,217,0.174028052187478
2138,218,0.1963807858324856
2139,219,0.2113104119221848
2140,220,0.2196334385936622
2141,221,0.2163474332768918
2142,222,0.212700841894355
2143,223,0.1934924488969688
2144,224,0.2105933317001339
2145,225,0.170815812135897
2146,226,0.2065545961972441
2147,227,0.1914138321271367
2148,228,0.2638059314655952
2149,229,0.2042103498600977
2150,230,0.2156444520901523
2151,231,0.2231600081287648
2152,232,0.2118411890296381
2153,233,0.2304441116821327
2154,234,0.1821987571830538
2155,235,0.2082125556252698
2156,236,0.1978753617571294
2157,237,0.2306562915994712
2158,238,0.2093676438452481
2159,239,0.2162747564597514
2160,240,0.2218140780934618
2161,241,0.2196822228712641
2162,242,0.2268322979048795
2163,243,0.2045813643946357
2164,244,0.1989289599207298
2165,245,0.2613810407907588
2166,246,0.2015391489431766
2167,247,0.2186739413879113
2168,248,0.2711965195807237
2169,249,0.2294548241783671
2170,250,0.226722481151431
2171,251,0.2213291844096978
2172,252,0.1945594358447157
2173,253,0.2017241645489087
2174,254,0.219027939298073
2175,255,0.1721844705967057
2176,256,0.2044947951808524
2177,257,0.2131067089971505
2178,258,0.211060364515464
2179,259,0.212512879763827
2180,260,0.1832213014983804
2181,261,0.2419780434478746
2182,262,0.2146805249580056
2183,263,0.2189560188577371
2184,264,0.1985229306746813
2185,265,0.2340831405568764
2186,266,0.2087572243696749
2187,267,0.1978926921545273
2188,268,0.194645157687872
2189,269,0.2158794085367952
2190,270,0.1968406688560511
2191,271,0.1979473338093415
2192,272,0.1963126151070967
2193,273,0.2275933317624618
2194,274,0.1964505719737496
2195,275,0.1983067534825422
2196,276,0.2363451955940052
2197,277,0.1911096818734368
2198,278,0.1882314180545905
2199,279,0.1786739702006743
2200,280,0.22617973205345
2201,281,0.2280993480042203
2202,282,0.1871269870803339
2203,283,0.2183566484026196
2204,284,0.2114510640232144
2205,285,0.1997336773987454
2206,286,0.2204976669387244
2207,287,0.1950360045209349
2208,288,0.1962839608450062
2209,289,0.2095175435569105
2210,290,0.2233441184989323
2211,291,0.2125864510400091
2212,292,0.2344535161912784
2213,293,0.1976217616457969
2214,294,0.2219181954476285
2215,295,0.2615405462587222
2216,296,0.2143008038479099
2217,297,0.2236771338176971
2218,298,0.2047293378917917
2219,299,0.2177090532321667
2220,300,0.2352555391909192
2221,301,0.2207281081286126
2222,302,0.2253109736915611
2223,303,0.2097693061290712
2224,304,0.2304479350078427
2225,305,0.2261597352801921
2226,306,0.2197898574064949
2227,307,0.2171814291687642
2228,308,0.2338503172734884
2229,309,0.20802161653936
2230,310,0.195742807104282
2231,311,0.1985076826204943
2232,312,0.2230117004295524
2233,313,0.1726081269763647
2234,314,0.1823630637970585
2235,315,0.2076598437528584
2236,316,0.2004395387173908
2237,317,0.1818793571088701
2238,318,0.2081812736082071
2239,319,0.207730575088148
2240,320,0.2446084592500268
2241,321,0.2131707712765088
2242,322,0.1962972455677221
2243,323,0.2333588088527114
2244,324,0.2351291581529602
2245,325,0.2691627796536143
2246,326,0.2350525507789918
2247,327,0.1997774758996492
2248,328,0.2183041706700017
2249,329,0.1852376804996051
2250,330,0.2204528750095534
2251,331,0.2104041375542333
2252,332,0.2237878532634479
2253,333,0.2307300870406445
2254,334,0.1788502218066457
2255,335,0.1828039977693557
2256,336,0.1903191134315495
2257,337,0.2088143442118223
2258,338,0.1970967475251236
2259,339,0.2302212595090218
2260,340,0.2370307199370964
2261,341,0.9398983561530544
2262,342,0.2062569726945537
2263,343,0.2099424041694962
2264,344,0.1703090205316206
2265,345,0.205687833105068
2266,346,0.1816588371554747
2267,347,0.2215602267730027
2268,348,0.1829291099037293
2269,349,0.9327539341354044
2270,350,0.2130596450842896
2271,351,0.19570660530211
2272,352,0.1806228248615529
2273,353,0.2084648986106766
2274,354,0.2193663462679452
2275,355,0.2062315560747845
2276,356,0.1923270707237659
2277,357,0.1739388046551804
2278,358,0.1991505022798751
2279,359,0.2020358132835129
2280,360,0.2195169292743719
2281,361,0.2196748926180321
2282,362,0.2110521460243065
2283,363,0.2061661205823069
2284,364,0.269309016758
2285,365,0.213907732036149
2286,366,0.2386087444563886
2287,367,0.2253338779514322
2288,368,0.1970734462490283
2289,369,0.2246283543657709
2290,370,0.1767699365177434
2291,371,0.1782894721715596
2292,372,0.1724554381542087
2293,373,0.2174805809724126
2294,374,0.1980197386075863
2295,375,0.1808336583952065
2296,376,0.2291067571884587
2297,377,0.1933944760744579
2298,378,0.1971448521845769
2299,379,0.2198536409580594
2300,380,0.2089685565690809
2301,381,0.1814922110966162
2302,382,0.2114762080378152
2303,383,0.1883046479635409
2304,384,0.1621607691312075
2305,385,0.2046743843811116
2306,386,0.1967926964423691
2307,387,0.1980876481573014
2308,388,0.2238966932397561
2309,389,0.2076836198733067
2310,390,0.2077475098841401
2311,391,0.1876719623067411
2312,392,0.2034245111180002
2313,393,0.2602845568081633
2314,394,0.2134341463274822
2315,395,0.228230316316818
2316,396,0.222682513537309
2317,397,0.2039285159065715
2318,398,0.2095479754497633
2319,399,0.1850666211521333
2320,400,0.2215826329178064
2321,401,0.2328955253940364
2322,402,0.1958284698317778
2323,403,0.2265112559057458
2324,404,0.1921933855865499
2325,405,0.2439019396368993
2326,406,0.1894019896990521
2327,407,0.2153226744085921
2328,408,0.1950150298936439
2329,409,0.2056873546952889
2330,410,0.2042564893769359
2331,411,0.2332233377203993
2332,412,0.1979104695568274
2333,413,0.1672074328096118
2334,414,0.2063422032813189
2335,415,0.1789981598492172
2336,416,0.2289839461855081
2337,417,0.2008316289799379
2338,418,0.1801580144754516
2339,419,0.2091138068416303
2340,420,0.226469118565176
2341,421,0.2298783627627122
2342,422,0.2210321248079321
2343,423,0.196807571115698
2344,424,0.2079076504069085
2345,425,0.2154202156613353
2346,426,0.1962843686840819
2347,427,0.197046847544072
2348,428,0.2250179167740503
2349,429,0.1997003703338562
2350,430,0.2035900280705385
2351,431,0.2150720042842712
2352,432,0.2092122704842149
2353,433,0.2038375369383038
2354,434,0.2098943671189368
2355,435,0.2231546271757808
2356,436,0.2059665845707239
2357,437,0.1828098225654191
2358,438,0.1856146405717098
2359,439,0.2039248603929235
2360,440,0.2054130807701409
2361,441,0.1644210837545232
2362,442,0.2273332068994388
2363,443,0.2242764062371368
2364,444,0.2236759110254022
2365,445,0.2170953838387935
2366,446,0.2250577218560275
2367,447,0.2063205024304103
2368,448,0.2204360256005925
2369,449,0.2199141923811676
2370,450,0.203693344303394
2371,451,0.2155990588426756
2372,452,0.1912249380203565
2373,453,0.2020249231512448
2374,454,0.2123434681597563
2375,455,0.1991687503642738
2376,456,0.1957491462638244
2377,457,0.2207574656885046
2378,458,0.188549902880052
2379,459,0.206254512594084
2380,460,0.2135041994205251
2381,461,0.2328639418712324
2382,462,0.1917181064548924
2383,463,0.2014835200241765
2384,464,0.2347621232500862
2385,465,0.2071584297105524
2386,466,0.206655935329478
2387,467,0.2245354927396228
2388,468,0.2548387918305951
2389,469,0.171221022238267
2390,470,0.2000585469524167
2391,471,0.2196128281311276
2392,472,0.2341263263424593
2393,473,0.2144404469201818
2394,474,0.2197968739190888
2395,475,0.1938240416579257
2396,476,0.1892804518002536
2397,477,0.2256377275811077
2398,478,0.1593342816803387
2399,479,0.2147235333862578
2400,480,0.2427765156359781
2401,481,0.2543731383154162
2402,482,0.2524440178816008
2403,483,0.2324043057138271
2404,484,0.2497619550822719
2405,485,0.1922355925883497
2406,486,0.2475164435933516
2407,487,0.2402495395218126
2408,488,0.2042283844040996
2409,489,0.1747921498758835
2410,490,0.2160556201362811
2411,491,0.2014307274171347
2412,492,0.2343566091635866
2413,493,0.2109708574771684
2414,494,0.3067832996080889
2415,495,0.2287293607529248
2416,496,0.2116246074379567
2417,497,0.2233381329761371
2418,498,0.2140989327389517
2419,499,0.2023254322660633
2420,500,0.2010667215134298
2421,501,0.2195132475404397
2422,502,0.2358909381904389
2423,503,0.1971012290619732
2424,504,0.2246481334219462
2425,505,0.2097885947189924
2426,506,0.1785545701863274
2427,507,0.1976179620273487
2428,508,0.2266230042321465
2429,509,0.2100161428218817
2430,510,0.1965374961724153
2431,511,0.1666317046012381
2432,512,0.214684525584583
2433,513,0.1954207681645632
2434,514,0.1979560905937256
2435,515,0.2401587832413305
2436,516,0.2043036144784046
2437,517,0.2068226736442338
2438,518,0.193755617892324
2439,519,0.2217225723471941
2440,520,0.2061574720679494
2441,521,0.2348618116806584
2442,522,0.1876077002154717
2443,523,0.2223235565794681
2444,524,0.2294230089452791
2445,525,0.2207400272745853
2446,526,0.2124551121799537
2447,527,0.2122347730656843
2448,528,0.2050308404996349
2449,529,0.2132695799983661
2450,530,0.1954082888945397
2451,531,0.229715027340365
2452,532,0.1993488925659282
2453,533,0.1925632053394692
2454,534,0.2127696233686002
2455,535,0.2217531363159798
2456,536,0.20428609164665
2457,537,0.1782185224694439
2458,538,0.1893742265127808
2459,539,0.2180660161191479
2460,540,0.1997344252896103
2461,541,0.2244181904074863
2462,542,0.202237719448584
2463,543,0.1953823750575342
2464,544,0.196404817265191
2465,545,0.1920609200861129
2466,546,0.2100300368786457
2467,547,0.2321130807389076
2468,548,0.1985079009043346
2469,549,0.2460154656986258
2470,550,0.1968545601153661
2471,551,0.2174573667383985
2472,552,0.2314231566376035
2473,553,0.1898070879331886
2474,554,0.205431126530642
2475,555,0.1613316552807215
2476,556,0.2119106089383564
2477,557,0.1973946221953795
2478,558,0.2267851393942892
2479,559,0.2322894243367242
2480,560,0.2333501397555132
2481,561,0.2589407563109712
2482,562,0.2588793817736547
2483,563,0.2587509853162568
2484,564,0.2362484614134215
2485,565,0.2456385286639438
2486,566,0.2433107299366268
2487,567,0.2499210398769542
2488,568,0.2371240564313259
2489,569,0.2358737601379739
2490,570,0.2350470538663309
2491,571,0.2505085296338037
2492,572,0.2244281474426579
2493,573,0.2329501472581079
2494,574,0.2369539830130596
2495,575,0.2319971868940561
2496,576,0.2066280609182117
2497,577,0.2302808135251918
2498,578,0.2004148725744587
2499,579,0.2044671348699738
2500,580,0.2120415974283347
2501,581,0.226024392679592
2502,582,0.2306641958431533
2503,583,0.2132802946829931
2504,584,0.2040087126658299
2505,585,0.1811903318799487
2506,586,0.2092766713222421
2507,587,0.1957960020795668
2508,588,0.2047583297233703
2509,589,0.2105387596414869
2510,590,0.2265026635439167
2511,591,0.2273164323759356
2512,592,0.1824588378814647
2513,593,0.1898332595444432
2514,594,0.1823525204109116
2515,595,0.2033343572567165
2516,596,0.2211790621454629
2517,597,0.226319264771399
2518,598,0.2134852192763313
2519,599,0.1860976061473959
2520,600,0.1959404951577391
2521,601,0.1983092154438572
2522,602,0.1808244874361973
2523,603,0.1789445108290017
2524,604,0.2208471890348107
2525,605,0.2347338792428725
2526,606,0.2099777122846128
2527,607,0.220617279993449
2528,608,0.1897011210000419
2529,609,0.2211053105598983
2530,610,0.198954725288327
2531,611,0.2110612784627511
2532,612,0.2389050733563864
2533,613,0.2105543429729365
2534,614,0.2122511833484651
2535,615,0.2031929894277738
2536,616,0.2187326911715163
2537,617,0.2049595292821163
2538,618,0.2208106781684863
2539,619,0.2405616566613878
2540,620,0.2101628737985666
2541,621,0.2203272280710692
2542,622,0.2194578812735216
2543,623,0.2575797017929713
2544,624,0.2300907721882643
2545,625,0.2286171299071275
2546,626,0.2492330946918647
2547,627,0.2311904582570825
2548,628,0.2283661470716219
2549,629,0.1988645138955247
2550,630,0.6301306363766469
2551,631,0.2284359123291996
2552,632,0.6540712130450546
2553,633,0.6766664818945226
2554,634,0.7318132665776844
2555,635,0.6609989027482363
2556,636,0.6728211911246303
2557,637,0.6703164137905978
2558,638,0.6711097773946375
2559,639,0.1963997408093613
