,gini
0,0.7201772730013396
1,0.7992984905108172
2,0.7059513138725658
3,0.6856513745275442
4,0.6915752630962261
5,0.6420092368451499
6,0.7500384260681092
7,0.720237685487402
8,0.7646733755896507
9,0.8801769749433914
10,0.7322480189370789
11,0.7339359716103049
12,0.6794686043086329
13,0.6997081439016907
14,0.7591464589666118
15,0.7093068118194026
16,0.7440097790345314
17,0.6902340497997015
18,0.7322073196128763
19,0.6437285473588535
20,0.7016534747910518
21,0.6614262097578255
22,0.6737939746065987
23,0.7327734347630461
24,0.7170340730082562
25,0.7305710504493143
26,0.7186644498104763
27,0.7319624609068315
28,0.7106829473335291
29,0.5661556781959304
30,0.5924238507281029
31,0.6963035532821901
32,0.6611761306367422
33,0.61931573871748
34,0.6441177419794096
35,0.6116555533019158
36,0.5850523351151115
37,0.6338950044966146
38,0.5785509843408685
39,0.8227261245701859
40,0.7002914451476663
41,0.6535426957579703
42,0.669227037838168
43,0.7047867288983587
44,0.7138511631041955
45,0.6543749971410364
46,0.606296377948213
47,0.6763538288169078
48,0.6435965537094357
49,0.748622244720494
50,0.7235542638534624
51,0.6948451516853047
52,0.7663420964343336
53,0.7273063734871689
54,0.7164732338723389
55,0.7179300486153201
56,0.7123406320992492
57,0.7258109590433419
58,0.739933895739374
59,0.6866033805349948
60,0.6718959945885925
61,0.7098706206231997
62,0.6804321204092366
63,0.6561386675714437
64,0.6649425318117325
65,0.6809472997324504
66,0.7303181443373757
67,0.6744262100951507
68,0.685444393373764
69,0.8314166863582054
70,0.711884374461951
71,0.7350184285069903
72,0.7135877386767189
73,0.7216152272143231
74,0.678500044146282
75,0.6742159067860972
76,0.733295887792108
77,0.6944583928669649
78,0.7001446385355407
79,0.6468914698361954
80,0.709020375782983
81,0.7442424280074518
82,0.7137805261286063
83,0.678086609378198
84,0.835962203645193
85,0.6855565778999538
86,0.7249286966485087
87,0.6728536164536079
88,0.7030518801480452
89,0.7167258688839461
90,0.6923175650467236
91,0.6986655711658484
92,0.6726881365802423
93,0.6860797441927491
94,0.7053611015106633
95,0.6880606686621128
96,0.7112289989376258
97,0.7124561819062096
98,0.6906750184653419
99,0.6840002846703621
100,0.7751548249225879
101,0.7504732416931708
102,0.832017184986839
103,0.7847926567603667
104,0.7281238051889427
105,0.7761306785552412
106,0.7959560365107519
107,0.7632850852176967
108,0.7722478506657884
109,0.8243369413149378
110,0.6982870830718629
111,0.7344747323470803
112,0.7093176165691922
113,0.7325308309236523
114,0.7518468478023642
115,0.7361080003117556
116,0.6934373639066339
117,0.7191069935947143
118,0.7296190906036436
119,0.630880024268979
120,0.6136381182647207
121,0.8091830517430633
122,0.6187517901533897
123,0.6237727021517464
124,0.6534177312769861
125,0.625510883522097
126,0.612196020784245
127,0.615311922028154
128,0.6270751505179283
129,0.7351693109183949
130,0.7932277267623612
131,0.7110920801421424
132,0.7830423391810837
133,0.7802814958696962
134,0.7046467867112183
135,0.8042427451808766
136,0.8601437245842392
137,0.7851779348093132
138,0.7803097028408873
139,0.720047920765839
140,0.6941204442535254
141,0.6114778241046458
142,0.6850745515215698
143,0.6617247599141501
144,0.6781800844033604
145,0.6722866349769618
146,0.6518018401443615
147,0.6785721271576046
148,0.6980785372762929
149,0.6528639897241175
150,0.6045218289341714
151,0.7115555474912887
152,0.7010612203850487
153,0.6115370556973445
154,0.62652688285314
155,0.5988200560643249
156,0.5927278173922714
157,0.5981089365599269
158,0.5884697492606632
159,0.766006560402994
160,0.6831697378538683
161,0.6625440416337329
162,0.6195299947514007
163,0.6582609086723742
164,0.68499189026629
165,0.652681079392648
166,0.6914051639029275
167,0.6969141982619207
168,0.6603682027707052
169,0.7088953520906005
170,0.7462185146951255
171,0.6813768993011762
172,0.7555028984537253
173,0.7122128364599342
174,0.699825091593416
175,0.7288070742864666
176,0.7212366644738879
177,0.7358300774497073
178,0.7139599738427752
179,0.6220778865914168
180,0.8045702492344432
181,0.6007932538236438
182,0.7812748038246631
183,0.8021460872239902
184,0.8073665579607507
185,0.7945501803119961
186,0.7831073278031497
187,0.7847786906157056
188,0.7763405325522522
189,0.6121711530380348
190,0.7004685982682604
191,0.7484797307037525
192,0.6963768182871012
193,0.6989073639954386
194,0.7350642851180351
195,0.6958074800918994
196,0.7249885831139449
197,0.702802069368149
198,0.7162237573614086
199,0.7474803197368028
200,0.6384781503735631
201,0.616780105116007
202,0.649479153776172
203,0.6381722598594527
204,0.6288386922317846
205,0.640913280977256
206,0.633881930874563
207,0.6464701881629371
208,0.6380637964682465
209,0.6367402227763329
210,0.840679565372385
211,0.830534041392226
212,0.8350120836437609
213,0.8478752243623565
214,0.8467619471069777
215,0.8413319541930169
216,0.8399976520776902
217,0.8375327781508225
218,0.8378785714772691
219,0.7820474966048122
220,0.8198234383850391
221,0.7592761616471541
222,0.8284755936931835
223,0.8208067002873227
224,0.7818628317738922
225,0.7799506148350127
226,0.7398864203502561
227,0.7842670745536595
228,0.7672585988388477
229,0.6766694261903967
230,0.6322767854524369
231,0.6252231107334517
232,0.5838527404374999
233,0.6079714591607771
234,0.6482917844506623
235,0.6112298591055292
236,0.6434354999265088
237,0.6580985772831475
238,0.6249782062625732
239,0.6294972271655793
240,0.6616509190645056
241,0.6433538937802465
242,0.5951181463923247
243,0.6814656303924662
244,0.6697115015982141
245,0.6519569102103583
246,0.669844513152536
247,0.6440238870558738
248,0.6704624101975483
249,0.7227590906820501
250,0.7235233959314932
251,0.8500735658734239
252,0.7099062994507916
253,0.7149705228301515
254,0.6970217993651063
255,0.7222279253859922
256,0.708860449645637
257,0.7471410365293776
258,0.7313390331220552
259,0.8317622830920156
260,0.8333547757093299
261,0.8147150437180024
262,0.8248069109648812
263,0.8272840390592798
264,0.8306413318265449
265,0.8313644734679259
266,0.8204114013709926
267,0.8254245390102751
268,0.8268495613404064
269,0.7634482290169342
270,0.6740804919615699
271,0.6732675274266721
272,0.6783769223406187
273,0.6563057351607611
274,0.6829107116749732
275,0.6699779506241847
276,0.7204373518328735
277,0.6738166861911125
278,0.6767686482625679
279,0.6450671011646408
280,0.7857167964430012
281,0.8075300154655182
282,0.6786743727692203
283,0.8129854109599832
284,0.795790272586912
285,0.8034943801742195
286,0.8314732184158795
287,0.7787804103256089
288,0.809902434413364
289,0.7206711692585226
290,0.7330916656593471
291,0.5953242879826538
292,0.8033805967942285
293,0.7489419830829048
294,0.7514352030457228
295,0.7626483139786949
296,0.7192965274472053
297,0.7389807917552145
298,0.742662694344846
299,0.6624651654074889
300,0.6718679554735288
301,0.6307904151163686
302,0.7104720501446478
303,0.6702848011445618
304,0.6779086691641283
305,0.6723823430489156
306,0.6762814284966491
307,0.6661111738456698
308,0.6675087023130909
309,0.6402733829181642
310,0.6706542744669335
311,0.7032811098792929
312,0.6741173506634779
313,0.6177749348983386
314,0.6679527895569445
315,0.6507959465684037
316,0.6628142436348987
317,0.6223558581365554
318,0.6663600468094858
319,0.7644643387032433
320,0.5525679653704342
321,0.6106726673713788
322,0.5763140978049064
323,0.5409635508625077
324,0.5795018244234745
325,0.6561126430004802
326,0.6683747649789503
327,0.6834581139351628
328,0.5985011794352204
329,0.6265502945132563
330,0.7304561308460576
331,0.7273142794609998
332,0.7227260732542086
333,0.7204020699036512
334,0.7225068416924614
335,0.712576781243012
336,0.723249865007396
337,0.729139594586193
338,0.7475602831802037
339,0.6970259944295596
340,0.7838718016971016
341,0.7496681755374489
342,0.7559500166732346
343,0.7936925197608273
344,0.7876296046136668
345,0.7891549090750087
346,0.7337590390378737
347,0.7580101584366356
348,0.7906191554361838
349,0.7297641566326847
350,0.6986562478191192
351,0.679825584000434
352,0.6948498213248034
353,0.717572240247182
354,0.737217754159237
355,0.6836003058456827
356,0.6800767123607088
357,0.7063693026360629
358,0.675832510459463
359,0.6681121769710328
360,0.639899537034203
361,0.7335313072499798
362,0.6565764209134792
363,0.6487619609468843
364,0.6533900117531763
365,0.6388813758153036
366,0.6755578706314762
367,0.640643924645587
368,0.6383696925081263
369,0.8309698039708289
370,0.820411725979728
371,0.6844938278878335
372,0.7602153102400533
373,0.8321715855859027
374,0.569763305315086
375,0.8235905366750477
376,0.8514848064312394
377,0.8524663723239349
378,0.8312836720233889
379,0.741278023606932
380,0.8305197541084408
381,0.768198162880513
382,0.7416983253641196
383,0.8311678324901879
384,0.7662287914319603
385,0.8355877927523637
386,0.741904582982277
387,0.8520452755222265
388,0.8349092559263085
389,0.7246390056691481
390,0.5955438016208995
391,0.6812851102673831
392,0.6358256178135717
393,0.6292746764604863
394,0.6033271784348079
395,0.573880786939163
396,0.634745332822252
397,0.5926046301059644
398,0.60832276350831
399,0.7138929519834541
400,0.6405196121603731
401,0.7527624022067094
402,0.6979150118319118
403,0.6269737005814049
404,0.6411786950250158
405,0.6354909810831502
406,0.5941619191554229
407,0.5906130454467848
408,0.6068427355428414
409,0.8169979198817139
410,0.8262710163604361
411,0.7455759825258936
412,0.7599108046551043
413,0.8238416748313432
414,0.8265753412130927
415,0.8303746001620488
416,0.7667701695292856
417,0.830819010625406
418,0.824705543514833
419,0.6502368197823143
420,0.8326956618673388
421,0.6161255984198719
422,0.8463051760395152
423,0.8467664794341295
424,0.8454027073182763
425,0.8477923063089333
426,0.8305106506791625
427,0.8431906971282425
428,0.8442827149999339
429,0.7643894447983962
430,0.7780587837273397
431,0.793176066133202
432,0.7651330361380851
433,0.7848428533075044
434,0.6911532379159034
435,0.7768446721972447
436,0.7780456225134237
437,0.7593068374845079
438,0.7814331418723053
439,0.7191096433302748
440,0.6775713434088909
441,0.7524795504336177
442,0.6522864317359902
443,0.7492472031075977
444,0.674813349440155
445,0.7440349670098468
446,0.7571411610553247
447,0.7002858777213526
448,0.7310225581857295
449,0.6527438253356853
450,0.7448455235524446
451,0.7059656635514955
452,0.7986900558267239
453,0.7515997588678012
454,0.7954576373649915
455,0.7619820021427914
456,0.6947258413388537
457,0.7612375196799477
458,0.7623118380505234
459,0.7660681633487754
460,0.7117889145297066
461,0.8064586743919037
462,0.6941359312778831
463,0.7183543411530737
464,0.6890257462355576
465,0.7041516123436049
466,0.7013891435228826
467,0.7006908124884232
468,0.7042314208034463
469,0.7551048281275037
470,0.6518190754900323
471,0.6399160867373661
472,0.6334552135074952
473,0.6489776760906972
474,0.6528816120287452
475,0.6143838178388958
476,0.6102813037719572
477,0.6594597701533559
478,0.6260318024982019
479,0.690377446589911
480,0.7865713719354496
481,0.7057964948491184
482,0.6696434361577351
483,0.7577217493887801
484,0.5977814024602894
485,0.7781183696101875
486,0.7863413263521971
487,0.8351964394998033
488,0.826611032900042
489,0.6806512023027862
490,0.7084792658098746
491,0.8315487491360564
492,0.6885399435982983
493,0.7258068407735351
494,0.8087242774381456
495,0.7237761101294393
496,0.7410952428888117
497,0.7212002416750001
498,0.7343355821909996
499,0.8873432620055159
500,0.7971005860700868
501,0.7383083298807702
502,0.7148502948761427
503,0.7949988726787536
504,0.8027256514930993
505,0.7667984824386131
506,0.7922614508500309
507,0.8277101759072788
508,0.8011215080102579
509,0.6836359370078371
510,0.6820966460505145
511,0.6783883137636856
512,0.7204735929636717
513,0.6728852576471972
514,0.6920513280547067
515,0.6872978110938327
516,0.6906462038075992
517,0.6461857984965099
518,0.7010485211321109
519,0.6580167221497865
520,0.6834636392114667
521,0.7110622399633176
522,0.6478912870046128
523,0.6464151847463934
524,0.6540089387684198
525,0.6444474061547799
526,0.7024128712581538
527,0.6952792117552017
528,0.6491942058641695
529,0.718515564657872
530,0.8576108287229915
531,0.635148380498499
532,0.8575428077410863
533,0.8554991141738184
534,0.8579914420106817
535,0.8578796475947587
536,0.8613001522237745
537,0.8628686805713216
538,0.8558150226257312
539,0.661206681060355
540,0.6796327869424738
541,0.6129370841403601
542,0.7241418169756612
543,0.687370895661045
544,0.6893427671589994
545,0.6861154427130521
546,0.6941920055711782
547,0.677003004431287
548,0.6943600844034384
549,0.716156682391478
550,0.7017886119392573
551,0.8410499557243932
552,0.5857762463631898
553,0.7306017040850273
554,0.680263544820251
555,0.7336953518619143
556,0.7162744207841056
557,0.7039155929561466
558,0.7211265472070484
559,0.7188550464013959
560,0.7293066794182784
561,0.6767750817933026
562,0.6445241408389504
563,0.7563186203705875
564,0.6722318135462331
565,0.7298659984883261
566,0.7104148755365117
567,0.7543637401004104
568,0.7181920366783406
569,0.7278619820887327
570,0.6931808425825473
571,0.6145778737807116
572,0.6717543399536167
573,0.7054225553081243
574,0.7088177815597916
575,0.6931913797928018
576,0.6988634565249048
577,0.68641337634908
578,0.7008286037943624
579,0.80995211298082
580,0.7219612852967195
581,0.6207317078449385
582,0.8446766097004574
583,0.7466900798115146
584,0.7473211543827427
585,0.758684604146047
586,0.8289518387257651
587,0.7581281538165217
588,0.7609748569076868
589,0.7726504403186247
590,0.7231232333361105
591,0.8315562128334927
592,0.6885342061140223
593,0.7224662661401782
594,0.7064102664747822
595,0.7187280517550676
596,0.6997421262576485
597,0.7389537861717722
598,0.7161364098183457
599,0.6918286534389628
600,0.6062785692690982
601,0.6434759604357374
602,0.6026057815074393
603,0.606440843272079
604,0.6007747219118024
605,0.611988823624084
606,0.5733751741775279
607,0.6840285645596142
608,0.6123995202183652
609,0.6636982122103534
610,0.8142308806837077
611,0.8752116908045361
612,0.8065842862916531
613,0.8083593813706338
614,0.7597709626444277
615,0.7971307461749867
616,0.8276864092280377
617,0.804219770600132
618,0.7989275774925081
619,0.8269283947858243
620,0.6685322562505213
621,0.7377840097104107
622,0.6939622230415831
623,0.6682993702461647
624,0.6768941700968638
625,0.6631804902803035
626,0.6565692719634102
627,0.6684033873487348
628,0.6872028648321499
629,0.7334832917837754
630,0.7039228796971325
631,0.6570727590341987
632,0.8123087893056168
633,0.7190701350761041
634,0.6902893899316015
635,0.7218368112732724
636,0.7170578180097076
637,0.7195684122780208
638,0.7283108783032949
639,0.627752255195105
640,0.6261204196331341
641,0.6823727774078671
642,0.5947764522850787
643,0.6498703411013135
644,0.7698915572324344
645,0.6003822638655749
646,0.5242184560474433
647,0.6544720383475784
648,0.5569299584491944
649,0.6626547740282058
650,0.6674049589995041
651,0.6912713430445223
652,0.6352108084201022
653,0.6683249809864699
654,0.6687671415853731
655,0.6841125007988985
656,0.6539016980928265
657,0.6757251819761871
658,0.6820413311327329
659,0.7646292065134693
660,0.7191919079709034
661,0.6665523309763975
662,0.691067200363515
663,0.7212701711110209
664,0.7064210708824872
665,0.7211288771834463
666,0.7689276653106376
667,0.7268348403942895
668,0.700017452757271
669,0.666606359029754
670,0.7326975092269116
671,0.7396477553409889
672,0.7689139806274665
673,0.7373141359033168
674,0.6902294654859212
675,0.7539927809591445
676,0.708513355137591
677,0.736943230868601
678,0.7378621923443999
679,0.7027835771233152
680,0.684721112392022
681,0.8071168494427958
682,0.7769398244709561
683,0.704999164898463
684,0.6441994634595881
685,0.7375447445677337
686,0.7009520134921764
687,0.6982966805004749
688,0.6907860559582567
689,0.7192964622907948
690,0.8028813028171664
691,0.6785788258351402
692,0.7217406614780072
693,0.8203984771512578
694,0.7866971461084861
695,0.7678655750904531
696,0.8252323297762878
697,0.7895993350213585
698,0.7830849191305075
699,0.6285613869981269
700,0.7651787800255115
701,0.6523439669581074
702,0.7164781393911929
703,0.7640827356349126
704,0.6957227611356401
705,0.7642958822867857
706,0.7872854080966256
707,0.7318600525047522
708,0.7866540061799812
709,0.7022942745858782
710,0.6030756725712082
711,0.791882561398253
712,0.6596750866467446
713,0.6181874997366056
714,0.6909430780572764
715,0.6483529449576985
716,0.5901206327241766
717,0.6155672802103509
718,0.5977780390368961
719,0.8304317050786159
720,0.6081933910792556
721,0.7270632627117608
722,0.6853878392681046
723,0.5757343745113727
724,0.6194716806508832
725,0.5954735530809151
726,0.6422252278072117
727,0.6181884867311285
728,0.5936149962945747
729,0.743297470680198
730,0.7305969437704704
731,0.7447510649836266
732,0.6881170134357144
733,0.7250552424855322
734,0.6862178128899685
735,0.7275071671543487
736,0.7728849388402002
737,0.7301627054965569
738,0.7312971655102013
739,0.5874547011281775
740,0.83585228781348
741,0.6830521308157371
742,0.8323967893194861
743,0.8326669592378576
744,0.8129460017662937
745,0.824118831699476
746,0.8396169224956822
747,0.8270136222853283
748,0.8336960374697422
749,0.6289674510232248
750,0.6965470742760421
751,0.8114701392745455
752,0.7078121580494036
753,0.6908808356765972
754,0.692345178134097
755,0.678995232117993
756,0.7079896219002719
757,0.689623662612145
758,0.6776725703834409
759,0.876796592782574
760,0.6544193764571694
761,0.6538615629229154
762,0.6534331908241879
763,0.6468367204920524
764,0.6534570393827431
765,0.6685987259040402
766,0.6443938753950442
767,0.6401714610302272
768,0.6564167440947034
769,0.6554434802755217
770,0.7020723169496277
771,0.7173450564632831
772,0.738784026740955
773,0.7223986762213935
774,0.7231160691303828
775,0.7119796332265222
776,0.7262388550624584
777,0.6884154750893925
778,0.720115779600462
779,0.7402899968917985
780,0.6312947313467647
781,0.6292301109945612
782,0.6736849407015645
783,0.6376493950198358
784,0.6515447849548435
785,0.6406550939817532
786,0.6681930248216653
787,0.63850789972776
788,0.6321402722058864
789,0.6947923461176699
790,0.589246900060446
791,0.6204639306046853
792,0.6813748183756326
793,0.6384379099303346
794,0.7469527155582647
795,0.6956114916773364
796,0.6220774639185762
797,0.6449607895141951
798,0.6070810419163736
799,0.7222178807610214
800,0.5703766834628579
801,0.5844332856067997
802,0.631484417434639
803,0.5683233631941216
804,0.5418235807586417
805,0.5758421490125831
806,0.5751921194417469
807,0.557379209306872
808,0.5766179274792339
809,0.6402111614770449
810,0.7310013763248894
811,0.8113825204990651
812,0.7053980032296385
813,0.7193076897319588
814,0.6905097180374313
815,0.7341894924666486
816,0.7042708007153364
817,0.7338269440052827
818,0.7148278722337728
819,0.8196843528793901
820,0.8320609209791229
821,0.8331289320843859
822,0.8353821784633818
823,0.8300231364807894
824,0.7779752692859054
825,0.8255485589620588
826,0.8396259053311055
827,0.8529100750762942
828,0.8301606668730707
829,0.8035593042275319
830,0.6749982125535433
831,0.6944050857280244
832,0.6833272433492148
833,0.6631391120802496
834,0.7455343626684602
835,0.6753549696486266
836,0.7748635382062156
837,0.6863593936454421
838,0.6949385758399912
839,0.8057840470924461
840,0.6413225280469823
841,0.8511217820865308
842,0.6510778505276327
843,0.6511423736111439
844,0.6721967802727539
845,0.6418698100059849
846,0.6620952281930049
847,0.6496529179045333
848,0.641783834531267
849,0.8269305906733817
850,0.8428960798149524
851,0.7143484703581997
852,0.8470677197389992
853,0.8435469585307739
854,0.8442973588010502
855,0.8437257338365515
856,0.7763272175254272
857,0.8438294259054766
858,0.8370037832481677
859,0.6888823034916897
860,0.7188207989586575
861,0.6498436309268156
862,0.7461393969281046
863,0.7104039052455201
864,0.702489960047066
865,0.7306135211094213
866,0.7165445538683292
867,0.7308265614384492
868,0.726503487970933
869,0.6303811337766368
870,0.6605960842299545
871,0.7252580880462739
872,0.641360655049103
873,0.6765979527470939
874,0.6847099375141141
875,0.6859892448868173
876,0.6943844131243038
877,0.683153247534311
878,0.6866929958002672
879,0.6577544007941972
880,0.7282771888890842
881,0.7146428205192398
882,0.6970881154057511
883,0.6645909225389235
884,0.6429238183818187
885,0.7063943249011214
886,0.7358030895728972
887,0.7350763616894214
888,0.6945563277831639
889,0.8328621519939687
890,0.7063143730446597
891,0.6715738136149936
892,0.7035666021892492
893,0.7151809041939968
894,0.6984449374450438
895,0.703560025575026
896,0.7167694512713436
897,0.7188695373439495
898,0.7116370205891703
899,0.6016698792139031
900,0.7937887841125217
901,0.6482171219256898
902,0.8336354288343905
903,0.7916187828071212
904,0.7909583501947273
905,0.7918331909676408
906,0.7619961032282576
907,0.7937594289454852
908,0.7913523488624515
909,0.728294577393252
910,0.7319520190409714
911,0.7048484314467602
912,0.7035811860872195
913,0.7233649558235018
914,0.8117120209668681
915,0.744117344571563
916,0.6985290763992386
917,0.7107051202976643
918,0.7214714215982164
919,0.7186407964992122
920,0.6082392373430914
921,0.6096062947896173
922,0.5734287207022383
923,0.6022816280189238
924,0.601583936978587
925,0.5855323291422565
926,0.6179951054445146
927,0.6084055794312093
928,0.6203540656765659
929,0.581796609374868
930,0.8531427087043487
931,0.7580547403438999
932,0.8369235125379902
933,0.8574437235433376
934,0.8287353153274402
935,0.8267367669647435
936,0.8758895985438142
937,0.8022118561564509
938,0.8572674504037339
939,0.7358481024731438
940,0.7251670675552243
941,0.8536618920532485
942,0.7310046924579815
943,0.7226864484887406
944,0.6903073226542161
945,0.7219559170091311
946,0.663345229266712
947,0.7275315680661933
948,0.7094522409237269
949,0.7734696876850391
950,0.6558932188064482
951,0.7065863750026193
952,0.7435127543165773
953,0.6567421348708061
954,0.5035350431620419
955,0.6603131246935996
956,0.64574336789337
957,0.6834699647768931
958,0.6337802403326132
959,0.6519423509562853
960,0.7211556801856328
961,0.72250405586918
962,0.6616727467453282
963,0.7044467105091514
964,0.6547744106161074
965,0.6979977497850571
966,0.7444857334735564
967,0.5963185770404328
968,0.6927488727072812
969,0.7124474547545826
970,0.7070213317509418
971,0.6442682476516408
972,0.7188363600132389
973,0.7109756909519883
974,0.7615658188649115
975,0.7177690082689997
976,0.7093670945892969
977,0.7030322852994759
978,0.7191887949354488
979,0.6050850881939757
980,0.8195109331844888
981,0.708251796454561
982,0.7260132272374714
983,0.8234415226399037
984,0.8190092332217496
985,0.8362890597047867
986,0.8163812230541649
987,0.8185188361851169
988,0.819789423842725
989,0.6385963617500123
990,0.6299657159402491
991,0.7315544793270571
992,0.6866491197884023
993,0.6519080654088089
994,0.5847107627288963
995,0.5829376789409028
996,0.6298561415689756
997,0.6435694382621477
998,0.6146962960637494
999,0.8531311333574352
1000,0.646623310410138
1001,0.6851548786137821
1002,0.7155694198087459
1003,0.6491336489773935
1004,0.655302289907729
1005,0.6366323756529444
1006,0.6475748815436491
1007,0.6820484577709388
1008,0.6495860054445144
1009,0.6700132076463345
1010,0.8335482841630762
1011,0.8258439419889799
1012,0.8365659616446293
1013,0.8356035448511578
1014,0.834904459708305
1015,0.8501868081248927
1016,0.8170109231567585
1017,0.8374127846540226
1018,0.8341016274609193
1019,0.7093603348944829
1020,0.7096697651874982
1021,0.7001612571012239
1022,0.7221661787872362
1023,0.6848731409941939
1024,0.7283219071748271
1025,0.7343114413378532
1026,0.6938109692306104
1027,0.716289054058925
1028,0.7003805579888023
1029,0.7257919646611428
1030,0.6952129559943827
1031,0.6776689409690555
1032,0.7022585140085796
1033,0.6842622102487445
1034,0.6426473784010959
1035,0.6686087328553222
1036,0.6860749517799213
1037,0.7205061703944245
1038,0.7021968107537749
1039,0.6143588763916971
1040,0.7791078893101697
1041,0.7883531913390103
1042,0.771965183019522
1043,0.7631339431359101
1044,0.6144930678978713
1045,0.7944750753074282
1046,0.7951243564577609
1047,0.7827000503356845
1048,0.7694240394154456
1049,0.6561006470077736
1050,0.7061444151271159
1051,0.7261178636652007
1052,0.6981399941897566
1053,0.7026843983055093
1054,0.7131840405425093
1055,0.7081314722899837
1056,0.6952741634456564
1057,0.7119886035747016
1058,0.7006253227342569
1059,0.6878587557133743
1060,0.8332769428568022
1061,0.7058392499405234
1062,0.8526779174042884
1063,0.8509298997491619
1064,0.8528567523099398
1065,0.8197562303715813
1066,0.8518991742469095
1067,0.8487462456258023
1068,0.8352380635897608
1069,0.7244873361124256
1070,0.7115394670117661
1071,0.6742364642939618
1072,0.6971551859803881
1073,0.7088483861536722
1074,0.713120658159304
1075,0.6864560522452534
1076,0.6891123500260555
1077,0.6878247838177491
1078,0.6925003379438297
1079,0.683722160169055
1080,0.6070782351049847
1081,0.6689928908327887
1082,0.6267203933757189
1083,0.6295166942715998
1084,0.6235609566588656
1085,0.6056262524150198
1086,0.6141076749508145
1087,0.6164887030281891
1088,0.6294289489060653
1089,0.6670735850820295
1090,0.8346185630353459
1091,0.6613321594527806
1092,0.8367278775895642
1093,0.8302104235894329
1094,0.8650836084656184
1095,0.8308794808574964
1096,0.832237030932994
1097,0.8548922663503649
1098,0.8310764834388273
1099,0.6989845611371247
1100,0.7291847309899155
1101,0.6724117704962601
1102,0.6988457220579997
1103,0.7258105299120403
1104,0.7454040795300856
1105,0.7246515430959108
1106,0.6946978731400464
1107,0.7697437162263618
1108,0.7439643904541716
1109,0.7007769150168066
1110,0.6216359157630222
1111,0.8129984335714521
1112,0.7563939013500166
1113,0.6545751175177819
1114,0.6377153855038955
1115,0.6521600935315974
1116,0.6401105266881691
1117,0.6611929866165932
1118,0.6627882780002873
1119,0.8344910260991746
1120,0.574974265267649
1121,0.7308428566881583
1122,0.5626751220675956
1123,0.5585564822113883
1124,0.6510881637278467
1125,0.5594912540594225
1126,0.5698751352685891
1127,0.6098448806010687
1128,0.6116821306132186
1129,0.7257183280279127
1130,0.7388090231038666
1131,0.6472131968344028
1132,0.6608225242358022
1133,0.7435649182157903
1134,0.7484718539540621
1135,0.7419019229997781
1136,0.7465587497298252
1137,0.7160381034300529
1138,0.7351515012069116
1139,0.7819191816810455
1140,0.6922891114772538
1141,0.6356848147389774
1142,0.7355703387919645
1143,0.7232147501437824
1144,0.7003866343882007
1145,0.6866890735969535
1146,0.7268138000470251
1147,0.7125230697891141
1148,0.6944052934765551
1149,0.6139619952683893
1150,0.8287588381979282
1151,0.6953278552881024
1152,0.7642475623553279
1153,0.8157400938300517
1154,0.6795671049842489
1155,0.8268044091045004
1156,0.770027934507033
1157,0.8211846595714477
1158,0.8122637896760408
1159,0.7080782504787883
1160,0.6613797145163028
1161,0.643110561132099
1162,0.6581637474082982
1163,0.6637502326585336
1164,0.6808129200073699
1165,0.6605198852701452
1166,0.6580630120288165
1167,0.642396931239619
1168,0.6501406232979876
1169,0.6379799264923939
1170,0.7991976109925567
1171,0.6945895297085029
1172,0.7322050409020384
1173,0.8174179271027625
1174,0.8549133545007953
1175,0.8285385857588321
1176,0.8436629815342179
1177,0.8035658416489843
1178,0.8279007205543492
1179,0.7149413055355498
1180,0.7391192591061619
1181,0.8198889841922702
1182,0.6903112035797863
1183,0.7863944231956265
1184,0.7967091691856166
1185,0.7379916642312986
1186,0.7236464791772954
1187,0.7382873148621195
1188,0.7917221965156471
1189,0.8303658027667203
1190,0.596580266978422
1191,0.6661161564269236
1192,0.5842895111440134
1193,0.6393001646960607
1194,0.6519142118814095
1195,0.6309165328016725
1196,0.6151115637575365
1197,0.6483767869107894
1198,0.6258432004668274
1199,0.6773980996610094
1200,0.6443416856821277
1201,0.6378049852069252
1202,0.6490338509431111
1203,0.6463613405380252
1204,0.6371811108507411
1205,0.660827576128702
1206,0.6206850554213543
1207,0.5850239731948197
1208,0.6446879188918396
1209,0.6267075294693997
1210,0.6983175083630421
1211,0.720119991819886
1212,0.7143687650954226
1213,0.6855882371536884
1214,0.7212894350871866
1215,0.7017811068101992
1216,0.7152991777219236
1217,0.7154374355666898
1218,0.6929438099553205
1219,0.7218964093015416
1220,0.8029700158169
1221,0.8279767921919091
1222,0.8253964707146172
1223,0.7765063069234333
1224,0.8232209806698323
1225,0.8036027912262336
1226,0.8225654744801338
1227,0.7999177411419764
1228,0.8248316729722228
1229,0.8349460401667578
1230,0.7140474022070059
1231,0.7014117546967513
1232,0.6833724669990479
1233,0.7123947474501191
1234,0.6793069758248728
1235,0.7018363192796032
1236,0.7401901574659201
1237,0.7079858951092125
1238,0.7056913741015036
1239,0.6815915867267008
1240,0.7572747874733392
1241,0.8312597395183929
1242,0.6117168686429878
1243,0.7373778627861098
1244,0.6838646525675218
1245,0.7952654428231362
1246,0.745299626045155
1247,0.7605118763982835
1248,0.741917244299382
1249,0.7035352649099835
1250,0.6968182766937063
1251,0.6423631065991263
1252,0.7047505703960427
1253,0.7124439252541548
1254,0.7023040025637021
1255,0.6954847831806512
1256,0.6950376118721139
1257,0.7131012236767281
1258,0.699435943122859
1259,0.7234802688151357
1260,0.6344843910217258
1261,0.7777351944776412
1262,0.7816426013728088
1263,0.6388433995553
1264,0.7288671300474113
1265,0.6563487741705742
1266,0.6857816851288868
1267,0.6344885671189524
1268,0.6382316567757987
1269,0.7470164084667723
1270,0.6856078890522395
1271,0.7250528681819828
1272,0.6647059045923304
1273,0.6494585717141853
1274,0.66131679145721
1275,0.6317557600240896
1276,0.6571530189128494
1277,0.6845538432259793
1278,0.649271062680821
1279,0.6690673481909762
1280,0.8871509943127707
1281,0.8282225736686555
1282,0.6431042434680297
1283,0.8871585610001186
1284,0.6709882062445145
1285,0.8327051877916716
1286,0.87344732517371
1287,0.9071828010020663
1288,0.8546899918527101
1289,0.7939617942510409
1290,0.7408832438604418
1291,0.7052859722039526
1292,0.7234512954530472
1293,0.7189464912411268
1294,0.7499211050931753
1295,0.7215942006956809
1296,0.6788646071659488
1297,0.7357680766121811
1298,0.7258908970267096
1299,0.7482920374156166
1300,0.7266303935972164
1301,0.6556526109796524
1302,0.7327895016419739
1303,0.7262865544463073
1304,0.7303505207805656
1305,0.7259050078437232
1306,0.7259215962622987
1307,0.7261439436353888
1308,0.7195151131682678
1309,0.6304165184701698
1310,0.7108013055414925
1311,0.6816338254151069
1312,0.6640709549885503
1313,0.64365629775034
1314,0.6458809341163269
1315,0.6532881638415837
1316,0.6409824763655467
1317,0.7087939435006734
1318,0.6428698990065617
1319,0.6682653552744319
1320,0.6308136171237505
1321,0.6260075956406829
1322,0.7046930155660954
1323,0.6729121940848041
1324,0.6856766502050083
1325,0.6780715937282243
1326,0.6554195763689654
1327,0.6590607975449203
1328,0.6759809477474538
1329,0.6003568979675328
1330,0.8423607264640164
1331,0.7323065480100918
1332,0.807315365456701
1333,0.8235898305692824
1334,0.8221511054967865
1335,0.8352638646282117
1336,0.8244594409434727
1337,0.8277021346735152
1338,0.8253038939008055
1339,0.6764911453296768
1340,0.7220359091801405
1341,0.7955389526524246
1342,0.706524033313081
1343,0.7336848094995854
1344,0.8132712630380344
1345,0.7012066695362505
1346,0.661026751382309
1347,0.7163380716612217
1348,0.7173882910303762
1349,0.7961600882494682
1350,0.6517771104314437
1351,0.6684297717872197
1352,0.6592437444079818
1353,0.6485561340114081
1354,0.6173633864165516
1355,0.6809384615661874
1356,0.6596282228803015
1357,0.6786728385378464
1358,0.6407418666471815
1359,0.6117830521852303
1360,0.6144425173018612
1361,0.6201457753195972
1362,0.6899167430297666
1363,0.6301538985825645
1364,0.6112629933641421
1365,0.6245099081270225
1366,0.6157298944183149
1367,0.5776943780875352
1368,0.5797721480148756
1369,0.610176886911434
1370,0.7537895189693828
1371,0.6937104087408975
1372,0.7199512299014933
1373,0.7568040053883728
1374,0.7564091589278946
1375,0.7435763318494399
1376,0.7176822637333407
1377,0.7564175612067779
1378,0.7533103626329042
1379,0.7559172121510883
1380,0.8664102464231113
1381,0.8372939377122266
1382,0.8629456651858265
1383,0.8662305535776548
1384,0.8571161208314245
1385,0.8617298215652162
1386,0.8397652624964502
1387,0.8638487864326236
1388,0.8644192676396761
1389,0.8252620265702888
1390,0.6749874934798827
1391,0.6557753977225552
1392,0.6482114784586797
1393,0.6814406042757758
1394,0.6841477792679903
1395,0.7001420905631635
1396,0.683756799777593
1397,0.691809512024149
1398,0.6890972575316844
1399,0.6148968980663372
1400,0.6475002273165539
1401,0.8333222200215693
1402,0.6685116078241938
1403,0.6655783442689198
1404,0.6146010576575881
1405,0.6652508354398703
1406,0.6949094309778632
1407,0.6410051537604553
1408,0.6775793955208361
1409,0.7770179291683661
1410,0.7574201894404365
1411,0.7263144494345501
1412,0.837867741110631
1413,0.7630544756388316
1414,0.7303254501861134
1415,0.7533823477249483
1416,0.7578154802971496
1417,0.759421635244261
1418,0.7585324876738707
1419,0.6456804754617265
1420,0.7291649365165315
1421,0.6549112111995326
1422,0.7027632551229056
1423,0.7414393028742269
1424,0.7549302650947101
1425,0.6853095544847039
1426,0.7013410153062225
1427,0.7160151784885426
1428,0.7198346339892882
1429,0.6506837209946547
1430,0.6094117843130117
1431,0.7040743372499675
1432,0.6263234802331831
1433,0.628817407566473
1434,0.5634540433189911
1435,0.6239124312604359
1436,0.573108641964162
1437,0.6368228506861984
1438,0.6483802439355133
1439,0.6938095834859449
1440,0.6288369696619527
1441,0.7066079792691146
1442,0.6966888519825792
1443,0.6503525908650595
1444,0.6001905496888882
1445,0.6507009814831284
1446,0.6386979935698219
1447,0.6519542283563392
1448,0.5834404871451981
1449,0.6918287726764094
1450,0.7769748248428898
1451,0.6874330617125426
1452,0.7553779757351604
1453,0.7473395267655837
1454,0.7598415386799352
1455,0.768813802368934
1456,0.8039356985554861
1457,0.7636923982974358
1458,0.7602910154904076
1459,0.6265481892280578
1460,0.8214221545469704
1461,0.6624723977048501
1462,0.699959170998447
1463,0.8183315601920976
1464,0.8564751090374076
1465,0.8248617611391102
1466,0.7611911430225569
1467,0.819114391519673
1468,0.8154489972247535
1469,0.7535830930111941
1470,0.7010873189101217
1471,0.7628833505147609
1472,0.7300953025978546
1473,0.698792800025298
1474,0.6992007160685487
1475,0.6779764232569296
1476,0.6819837067778275
1477,0.6670087033446542
1478,0.6840361224971551
1479,0.8253398154577072
1480,0.69117891731223
1481,0.6765702447789192
1482,0.7403228703504154
1483,0.6956075316720245
1484,0.6676046750768087
1485,0.664584878368312
1486,0.698645554638241
1487,0.6696465604347736
1488,0.6697432066387573
1489,0.7283828019075843
1490,0.8011891284102298
1491,0.8045058440208369
1492,0.7385380583818266
1493,0.808379950538607
1494,0.8113026925120027
1495,0.8056221308684035
1496,0.8228789875238187
1497,0.7934233080628721
1498,0.8092295539073349
1499,0.7865963007313889
1500,0.7255717254629865
1501,0.7234433976319594
1502,0.8228685635141504
1503,0.7194488461116427
1504,0.6959784760729429
1505,0.7443372481997917
1506,0.7393386514516391
1507,0.7204307837810325
1508,0.7231718485196713
1509,0.7817266279175524
1510,0.7090832962251241
1511,0.682825988801113
1512,0.6070274436862794
1513,0.6901784212831017
1514,0.6727064732291631
1515,0.6930889825241543
1516,0.67070587248943
1517,0.693153466938202
1518,0.7060892608903329
1519,0.6574218103585571
1520,0.6260831538960745
1521,0.6515252437459393
1522,0.6646139590871544
1523,0.6714193040782642
1524,0.685297807770934
1525,0.6449956634888662
1526,0.6491515714134274
1527,0.6290112388729406
1528,0.6481362024627638
1529,0.6690916383953059
1530,0.7153565846413009
1531,0.7192508460836581
1532,0.6963335432585664
1533,0.7155857196451834
1534,0.6891754647980692
1535,0.702363312425055
1536,0.7091080735453384
1537,0.6951509922093693
1538,0.6895505367911755
1539,0.7558550575454764
1540,0.7184091775446844
1541,0.6637894559928855
1542,0.7706756983839862
1543,0.7186596817297899
1544,0.7518330434989072
1545,0.7153199305553054
1546,0.7750211153338724
1547,0.7195480773877628
1548,0.7152030570050038
1549,0.7136277636487899
1550,0.7518812846683444
1551,0.7147528152052792
1552,0.6473503825532642
1553,0.7648608423181373
1554,0.7062067063545725
1555,0.772864820435228
1556,0.7544266363205993
1557,0.7496609033605358
1558,0.7616963908101888
1559,0.630510445780635
1560,0.622649339758962
1561,0.6787319245251945
1562,0.6929810161510375
1563,0.6295824172338285
1564,0.6116148085048361
1565,0.6235847771666718
1566,0.5849556014871999
1567,0.6231063683945047
1568,0.6245266601305572
1569,0.686962263135157
1570,0.8090535912814024
1571,0.5707400356007957
1572,0.7417234690708204
1573,0.8173781189137301
1574,0.8233639009744815
1575,0.8091960186925253
1576,0.8176806702291153
1577,0.8206087545564492
1578,0.820252768927709
1579,0.8071632024595211
1580,0.6307136584652177
1581,0.5794729177000464
1582,0.6382794091446198
1583,0.6344313895180775
1584,0.6436251189337933
1585,0.645277139807252
1586,0.663428165903378
1587,0.6499275761874749
1588,0.6336629374505739
1589,0.5887619049151335
1590,0.5970806085625491
1591,0.7254979098866299
1592,0.6125036419695896
1593,0.6538843360792654
1594,0.6461334185529045
1595,0.6554915088757158
1596,0.6111027494438503
1597,0.6330066623087418
1598,0.6463590782067178
1599,0.8293875760422743
1600,0.5287802290704984
1601,0.5598452984955988
1602,0.5968161190061837
1603,0.5038721420176198
1604,0.5277755439445644
1605,0.5250614103197111
1606,0.49918844288187814
1607,0.5024594866784556
1608,0.5200130732667939
1609,0.6383369186696343
1610,0.689418263551737
1611,0.7476789619241865
1612,0.7885975944477451
1613,0.6440050890899913
1614,0.6664284887024432
1615,0.6997941364780266
1616,0.6745250943452673
1617,0.644169994963592
1618,0.6895265200931116
1619,0.7071284157315082
1620,0.7068081926044903
1621,0.7389125750998807
1622,0.7211375162794859
1623,0.7187853924205333
1624,0.7352907707112787
1625,0.7252426453364054
1626,0.7334476677017485
1627,0.7416064505427857
1628,0.7115268887400168
1629,0.7271823993299378
1630,0.6934004052153123
1631,0.7236277504198999
1632,0.7084282825106308
1633,0.6875570620133241
1634,0.7198424596838683
1635,0.7026531482759026
1636,0.7005167078798077
1637,0.6983619261294001
1638,0.701864228816192
1639,0.7057594231644715
1640,0.6435690929629193
1641,0.8682167478300089
1642,0.7352745329475828
1643,0.6480829920511618
1644,0.6493932839700439
1645,0.6526889875219442
1646,0.6487938638653108
1647,0.6453101576561743
1648,0.6428507275982982
1649,0.8760848959971881
1650,0.6914217609571252
1651,0.6762554004294237
1652,0.739288836286093
1653,0.6918840831882699
1654,0.6898947910028222
1655,0.6888191320082462
1656,0.696372007439416
1657,0.7178378295846577
1658,0.6864037896350575
1659,0.6360822377014981
1660,0.720286054984143
1661,0.5945181417369599
1662,0.7324486908780203
1663,0.714524440766174
1664,0.6954138170798312
1665,0.7198598444034651
1666,0.7466955635789715
1667,0.7322787021655437
1668,0.7163395133477806
1669,0.6860372018058274
1670,0.6447677395722812
1671,0.7879554119366683
1672,0.6323552875338565
1673,0.6472478833938495
1674,0.6878287896424737
1675,0.6606516304644222
1676,0.6857785159850609
1677,0.6771567900024438
1678,0.6259228255316539
1679,0.6951119488214705
1680,0.6084367029993304
1681,0.8251468613913969
1682,0.6049435013376547
1683,0.6482266955611148
1684,0.7230908348841789
1685,0.5929100102736936
1686,0.6340814038541481
1687,0.6436065853135026
1688,0.6187392432357337
1689,0.8519417980447885
1690,0.727448233574294
1691,0.6664299063502218
1692,0.7278631603188193
1693,0.7297235920266627
1694,0.7144666619841763
1695,0.7248975447093302
1696,0.7140920457427874
1697,0.7190513532223533
1698,0.7103071386860437
1699,0.6783855726450059
1700,0.7162452487603024
1701,0.525453506987778
1702,0.8280327377358608
1703,0.7163148597118834
1704,0.7196223860717867
1705,0.7175615056902345
1706,0.7814513561062142
1707,0.722839591660795
1708,0.7067824400377523
1709,0.6921727374792481
1710,0.7764261504250639
1711,0.7087734669689264
1712,0.6671058529810425
1713,0.7594311433399212
1714,0.8022859205150751
1715,0.7910264200651432
1716,0.7276127512612058
1717,0.7701661968731682
1718,0.770853068444658
1719,0.6685337077718062
1720,0.6555274959406979
1721,0.8397491572330992
1722,0.7107823812738311
1723,0.6494884895457915
1724,0.6531168339004562
1725,0.6547850299853418
1726,0.645319200121259
1727,0.6571016385420473
1728,0.6571394118669645
1729,0.6952078336917965
1730,0.8371858149976077
1731,0.7226519455479169
1732,0.8389871568464178
1733,0.8358494153237305
1734,0.8406016680814956
1735,0.8261190924366991
1736,0.8395814048443105
1737,0.7993249866807964
1738,0.8398196792428952
1739,0.7163543508304313
1740,0.6614154889955857
1741,0.7964553409312145
1742,0.6838373790115411
1743,0.675718089346695
1744,0.6770772627794693
1745,0.6902125545125701
1746,0.6537183337766893
1747,0.7032638643627487
1748,0.6840789257819071
1749,0.6983800753843051
1750,0.583222743761098
1751,0.6542847051882374
1752,0.6709381795301739
1753,0.6282021646285569
1754,0.5985993805729594
1755,0.5607823557717801
1756,0.6220951876506896
1757,0.6489218390620218
1758,0.601869027488603
1759,0.7172895165704429
1760,0.7773148912222579
1761,0.7838821194086486
1762,0.7866027029069892
1763,0.7901388537859366
1764,0.7772542822548919
1765,0.7934393328369259
1766,0.7734397174295116
1767,0.7837006042693205
1768,0.7845562078152556
1769,0.6592499113147545
1770,0.6905227827010995
1771,0.7898084886453431
1772,0.714401418371895
1773,0.6914002758336427
1774,0.6848468906431266
1775,0.7168663764483628
1776,0.6950490969247392
1777,0.6843931219826679
1778,0.6810342751692794
1779,0.7525362453521169
1780,0.7684088166077264
1781,0.7089704538076701
1782,0.7329548334182903
1783,0.7878551425867875
1784,0.764876574775923
1785,0.8148628627980875
1786,0.8021146738059793
1787,0.7997931192961703
1788,0.7958407844079262
1789,0.6956697590875002
1790,0.678261449365353
1791,0.6264386506306482
1792,0.6238390270163937
1793,0.64338308197734
1794,0.6794838850225902
1795,0.660045969934904
1796,0.6820772853964959
1797,0.6818280175751041
1798,0.6189611071963644
1799,0.6733179048459889
1800,0.6606272207879221
1801,0.6591946189368671
1802,0.7158319788281942
1803,0.6426013650584487
1804,0.6479345748146941
1805,0.6633424974222533
1806,0.6328201755866416
1807,0.6456123675412974
1808,0.6509242225602461
1809,0.70545647980555
1810,0.8465965943935322
1811,0.7253394309375812
1812,0.7814655849111618
1813,0.8520619309250654
1814,0.8481534317397613
1815,0.8580381307036329
1816,0.8490342462691529
1817,0.8473657528484582
1818,0.8455632714999205
1819,0.6349895190898596
1820,0.8190749397919969
1821,0.5501400369686305
1822,0.8147137646577866
1823,0.7897696291778898
1824,0.7444520532498791
1825,0.8204688138427964
1826,0.7569239424931608
1827,0.7620963400550564
1828,0.8199435206819389
1829,0.6019288876820803
1830,0.7583780759524635
1831,0.7690032817204147
1832,0.7611095645931805
1833,0.7605812392305619
1834,0.7139296530408812
1835,0.7500938652040448
1836,0.7409980825847726
1837,0.7531554893535882
1838,0.7583645862571329
1839,0.782458835792418
1840,0.5637257248801283
1841,0.6645120210573299
1842,0.7324310895339068
1843,0.6053564640213586
1844,0.594505109213883
1845,0.603549180187585
1846,0.5533757784908391
1847,0.6402831313721364
1848,0.5933874212506887
1849,0.7141769083013785
1850,0.6929769829096346
1851,0.593243330694422
1852,0.71728371046211
1853,0.6815192185145739
1854,0.6878681324852899
1855,0.6888006202272915
1856,0.6870188814736043
1857,0.6930314966697577
1858,0.6923543817677893
1859,0.5410564746751927
1860,0.8552155275722879
1861,0.8405618028238888
1862,0.8552305475874529
1863,0.8500659786645213
1864,0.8267127946932399
1865,0.8240690831618024
1866,0.8386465818296495
1867,0.8593207334541051
1868,0.8551767954326027
1869,0.6212186844110069
1870,0.6379557757760639
1871,0.7027874650035044
1872,0.6492268091435857
1873,0.6532938621078088
1874,0.6604463307958641
1875,0.6616339364326883
1876,0.6760545158918639
1877,0.6565833151273334
1878,0.6811970428326346
1879,0.7210579405542688
1880,0.6232868389375418
1881,0.6706257864649042
1882,0.7004196997190585
1883,0.6520466464618201
1884,0.6512445589265842
1885,0.6433033647510021
1886,0.6616814134420808
1887,0.5613806275545031
1888,0.6183960195110644
1889,0.7093190402198789
1890,0.713824983040071
1891,0.8598717789352899
1892,0.7583253893191076
1893,0.7183544731570725
1894,0.6817499108539476
1895,0.7132864012957612
1896,0.6880764346173913
1897,0.7264619932271001
1898,0.7238360135906512
1899,0.8305153638254148
1900,0.7057357034944308
1901,0.712521080300524
1902,0.6853356578931759
1903,0.6899372064877435
1904,0.6765753542989577
1905,0.6790332535405824
1906,0.6888055217091583
1907,0.6850283540998027
1908,0.6679221964931009
1909,0.7050990664004696
1910,0.7221255916921197
1911,0.6962346187594648
1912,0.7113432159718776
1913,0.6811036908419489
1914,0.8178122383702957
1915,0.711519009682275
1916,0.716448915444068
1917,0.6297061168191099
1918,0.7011724929995578
1919,0.7671137811335339
1920,0.6112834784759644
1921,0.6073136740149302
1922,0.6432166154030897
1923,0.670812887979531
1924,0.6225184145603514
1925,0.6317069570861333
1926,0.5556907131084162
1927,0.5880037996054411
1928,0.6509318337185801
1929,0.6168742815171891
1930,0.7333228969288155
1931,0.831876292305207
1932,0.7104179903387065
1933,0.7658709202366895
1934,0.7775501398914295
1935,0.7339259389265324
1936,0.75159397682196
1937,0.7890363853933303
1938,0.7683634537716668
1939,0.8725129265383366
1940,0.8306868532333209
1941,0.7146196301381841
1942,0.7272843832256194
1943,0.8322091686708297
1944,0.8336294477763706
1945,0.8281214998037524
1946,0.7372641294171429
1947,0.8305456029773283
1948,0.8312367267412168
1949,0.7257439143015897
1950,0.6917887424952027
1951,0.7275334385714787
1952,0.606390953992325
1953,0.7081767462385565
1954,0.6215131551030803
1955,0.7028299152376816
1956,0.7133221830018246
1957,0.7184250262824813
1958,0.7256808018917119
1959,0.6553442178508228
1960,0.6335087691848863
1961,0.7375586970598879
1962,0.7236412825001298
1963,0.6394849801677674
1964,0.6198634980560379
1965,0.6352980643862411
1966,0.653396384185609
1967,0.6401796804155906
1968,0.6433434477091547
1969,0.7319868787541474
1970,0.8185753674787958
1971,0.7253737590441871
1972,0.8110286075285155
1973,0.8182348502741829
1974,0.812380305792299
1975,0.8152754823073255
1976,0.7939440322841234
1977,0.8055357083948993
1978,0.8161923257120576
1979,0.5774422406791325
1980,0.707552944364712
1981,0.6682049866162272
1982,0.7666811135756573
1983,0.7239398840963299
1984,0.7014578707819972
1985,0.7245075426184031
1986,0.6797967768499107
1987,0.7274713232928874
1988,0.7011462733231665
1989,0.6802463588421106
1990,0.6340811288288193
1991,0.8288108654549687
1992,0.6274025296095245
1993,0.6534632279609418
1994,0.6647255992636671
1995,0.6523048318115688
1996,0.602454622734165
1997,0.6114861362981627
1998,0.6543351392748193
1999,0.7172466520819517
2000,0.6822856763197852
2001,0.7108643341043361
2002,0.648586670956193
2003,0.6929522385764935
2004,0.6836287029201216
2005,0.6928418201955063
2006,0.6705468912597956
2007,0.6745719769665336
2008,0.6517280135840309
2009,0.8031227593697307
2010,0.7129520165234641
2011,0.6452664440458956
2012,0.7167791890447881
2013,0.7343081991262481
2014,0.7809368316126877
2015,0.7197832661836215
2016,0.6938263074356243
2017,0.7036425276083373
2018,0.7222312333292139
2019,0.7278549248996916
2020,0.7706369473510477
2021,0.6514257040075374
2022,0.8325540508185756
2023,0.7978560935542547
2024,0.8342040858888561
2025,0.8287563302275617
2026,0.8326174868129363
2027,0.8280223715331048
2028,0.8056585202013896
2029,0.7532199399732968
2030,0.6834805236456069
2031,0.8401719348804879
2032,0.6264765040216944
2033,0.7010962477765467
2034,0.6614204454954197
2035,0.7017892736737515
2036,0.7314470227239588
2037,0.7288133029713358
2038,0.7200576557133389
2039,0.7560629208264729
2040,0.6206360115371533
2041,0.6184996269962746
2042,0.644483170642164
2043,0.6204687267856291
2044,0.630143434405859
2045,0.6205262146041913
2046,0.616104752389123
2047,0.6265689994794372
2048,0.616273364929166
2049,0.6095014641093202
2050,0.8464464456289912
2051,0.8273908264166079
2052,0.8477159720000841
2053,0.8461394605978564
2054,0.8308243018699193
2055,0.8169702218314441
2056,0.8068603537550953
2057,0.8294020498591504
2058,0.8464851407179452
2059,0.8252612736886076
2060,0.7802154604569893
2061,0.7826869039714237
2062,0.7793207031335753
2063,0.7913291636047529
2064,0.7169249883236782
2065,0.7332928364539973
2066,0.7887295269689453
2067,0.7796880560409242
2068,0.7794332444512759
2069,0.6753640530284776
2070,0.6594002104812936
2071,0.6214494914938277
2072,0.6607029398699497
2073,0.6804729753724463
2074,0.6326862546511852
2075,0.6122353630349058
2076,0.5722486724255085
2077,0.5818744546632307
2078,0.6078202409409721
2079,0.5848925066526461
2080,0.7153830687163619
2081,0.6805802073559101
2082,0.6341228006834341
2083,0.678143140963774
2084,0.6253731759772452
2085,0.7091679478466795
2086,0.6820790562935952
2087,0.6934630151251403
2088,0.6655402756415291
2089,0.56013035914931
2090,0.7014241192452877
2091,0.7059414718302504
2092,0.6851798955127241
2093,0.7005359021769245
2094,0.7226427164646098
2095,0.6880518855499419
2096,0.6952376893120851
2097,0.6999472549267571
2098,0.7056350899751533
2099,0.6721115035686048
2100,0.6952596125262872
2101,0.7213689086968388
2102,0.7090541970900129
2103,0.7052390595310433
2104,0.7272181752264956
2105,0.720236621579184
2106,0.7592490351773484
2107,0.726700546838646
2108,0.7139238923248752
2109,0.7847451005821137
2110,0.6963181041006208
2111,0.7233763507072397
2112,0.674009012425469
2113,0.6582639496873226
2114,0.6682168572825391
2115,0.693174406310567
2116,0.6624472572848961
2117,0.6860474812600249
2118,0.6918863951984748
2119,0.6126535306955353
2120,0.7172100078384082
2121,0.8015813840535091
2122,0.7198304875636901
2123,0.6901533610038557
2124,0.7041670618360814
2125,0.6943351014213331
2126,0.6993661043526608
2127,0.6772647933813263
2128,0.687677188560619
2129,0.8181317779805134
2130,0.889313700649981
2131,0.7025887256006025
2132,0.7729673474046281
2133,0.8894491220789653
2134,0.8898234077783982
2135,0.883181319394874
2136,0.8631837812489351
2137,0.8890742309777727
2138,0.8884247984219327
2139,0.6457718258120716
2140,0.703049481080781
2141,0.6228585243663337
2142,0.6558053887643799
2143,0.7592649543043903
2144,0.768270483913271
2145,0.7280615606487496
2146,0.7597013808376408
2147,0.7338305734372265
2148,0.7333959244030949
2149,0.773104049455583
2150,0.6344407409009805
2151,0.6890121460979534
2152,0.6528292484855951
2153,0.6381827308257434
2154,0.6195356797872102
2155,0.6418778554913422
2156,0.6574620976515656
2157,0.629981630624047
2158,0.6220408334817643
2159,0.7202747871035969
2160,0.6649841281337326
2161,0.821919099103704
2162,0.831571262486734
2163,0.6928504928030625
2164,0.5961515148495509
2165,0.6485740040372432
2166,0.6756123773588107
2167,0.6483153218741653
2168,0.6768639214611997
2169,0.8174332412585753
2170,0.6806322169384275
2171,0.6846203953929941
2172,0.6904129113542907
2173,0.7173923155258867
2174,0.7010299142686912
2175,0.7056601209559309
2176,0.7333608899762787
2177,0.6831379844148974
2178,0.7011895356270521
2179,0.633424371889822
2180,0.8215643870087302
2181,0.6689813770220228
2182,0.8244547487485221
2183,0.8207626899580405
2184,0.8232113523484559
2185,0.8273548333772376
2186,0.8208514880413796
2187,0.8262703334263569
2188,0.8016073808817635
2189,0.6378253194981851
2190,0.6980264736616476
2191,0.7448490900082332
2192,0.6327789203801891
2193,0.697727981191317
2194,0.7116191382130381
2195,0.7152757996669679
2196,0.6787479181084156
2197,0.7172417069033808
2198,0.738785623008009
2199,0.7218053422702897
2200,0.6375395040146812
2201,0.6651928700507732
2202,0.6644365306016121
2203,0.5882791894866538
2204,0.6179809904623101
2205,0.6068091863919639
2206,0.648535191728184
2207,0.6256850190438017
2208,0.6449137917554361
2209,0.5867719261846793
2210,0.7118471361776589
2211,0.6967223225724337
2212,0.707313560143936
2213,0.6943471784141678
2214,0.7862260345971805
2215,0.7100545453698752
2216,0.723497645451057
2217,0.7277877329702002
2218,0.70203563807967
2219,0.7706810591801418
2220,0.659746147922422
2221,0.7448583445418258
2222,0.6739863527389097
2223,0.6738694854234729
2224,0.6612615692411461
2225,0.6681024056948073
2226,0.6874222456643835
2227,0.6630382130288424
2228,0.6577814818639262
2229,0.7867339238034868
2230,0.7385063944424549
2231,0.7451726731131111
2232,0.7290127083084743
2233,0.7116126280271237
2234,0.6348903849202957
2235,0.7390996378189137
2236,0.7047955564681445
2237,0.6680276284343765
2238,0.7224402352559899
2239,0.7363153402211524
2240,0.6600634351795828
2241,0.8114466396062215
2242,0.6770927298220616
2243,0.7017406405986562
2244,0.7378620441269006
2245,0.7051136266576239
2246,0.7790407312321947
2247,0.7553105107882777
2248,0.7798679878421948
2249,0.6831854750302568
2250,0.6902578669403489
2251,0.6454274134047772
2252,0.6693130394431797
2253,0.675830275478701
2254,0.6913867983907679
2255,0.6805276743022928
2256,0.6584823505505994
2257,0.6920520731704669
2258,0.6963180445108145
2259,0.6492056153655482
2260,0.7140313383195599
2261,0.6299708477578515
2262,0.7040811501440729
2263,0.7240709123159513
2264,0.7200675469321388
2265,0.7197438169725939
2266,0.8032626355935975
2267,0.7181578308869816
2268,0.7199290581980162
2269,0.7071874718635796
2270,0.6543758007897452
2271,0.8326451830471776
2272,0.6411801979409009
2273,0.6818241551085293
2274,0.7268834782073851
2275,0.7111319462004876
2276,0.642730421790259
2277,0.6859970681375893
2278,0.6774300185813261
2279,0.8362493435830416
2280,0.6625758321104733
2281,0.6230006617956753
2282,0.7351723432937128
2283,0.6633274475146897
2284,0.6478279229408586
2285,0.6579775538016475
2286,0.6438065760760638
2287,0.6798404942437118
2288,0.669875049415898
2289,0.7728318281304652
2290,0.8489360938283562
2291,0.797364477426016
2292,0.7188272438863942
2293,0.8361282252958975
2294,0.8338335530525867
2295,0.8365193505272772
2296,0.8487881617492457
2297,0.8350198240707845
2298,0.8394569291967053
2299,0.722670992322488
2300,0.7118795039417528
2301,0.6994462720758392
2302,0.6965015159423369
2303,0.708917951118208
2304,0.7162149107350186
2305,0.7040864286110924
2306,0.7546683808615626
2307,0.6703206278705273
2308,0.7128929275562483
2309,0.6792529872965163
2310,0.6448717756605375
2311,0.6582249448312808
2312,0.6201337658059906
2313,0.6086317649420352
2314,0.6520113815684132
2315,0.6487353518624422
2316,0.6523293541662006
2317,0.6521851309573575
2318,0.6146635571293018
2319,0.6686078521653255
2320,0.6134147071758796
2321,0.6377010123120519
2322,0.6891849239258521
2323,0.6467404907534635
2324,0.5963986690387446
2325,0.6163360709099879
2326,0.6249268005544927
2327,0.5952396918217594
2328,0.6245252519896696
2329,0.6170570386316035
2330,0.6676777749479483
2331,0.7129545877161396
2332,0.7052663369419323
2333,0.6764481969468924
2334,0.6607874784099347
2335,0.6690200169614471
2336,0.7094054566397522
2337,0.6709327760667468
2338,0.6713079301886954
2339,0.7538886644150993
2340,0.832555357924555
2341,0.6749643027522331
2342,0.8645818547975879
2343,0.8354042994163017
2344,0.8330786532130011
2345,0.8699673714945438
2346,0.8466095508035203
2347,0.8342759502384497
2348,0.8573694437507444
2349,0.658411803217198
2350,0.6894221133026116
2351,0.6092225705515348
2352,0.6824995389582783
2353,0.6687242638207818
2354,0.6960771285071105
2355,0.6893692790764937
2356,0.6916115822134253
2357,0.7025682775329906
2358,0.72702758586114
2359,0.6033764000547677
2360,0.6037713255763935
2361,0.7224217477894752
2362,0.6434103411654593
2363,0.6602919489591159
2364,0.6353981394379458
2365,0.6189328689044147
2366,0.6678149684849672
2367,0.6094961484799745
2368,0.6443582061520572
2369,0.729003884822099
2370,0.6760175123711681
2371,0.6384584433422078
2372,0.794387902860693
2373,0.6790705736504603
2374,0.6828788984948554
2375,0.6791818492609886
2376,0.7211604033070276
2377,0.682076989432759
2378,0.6866716816808073
2379,0.6166246761662963
2380,0.663357823614995
2381,0.6431163890204753
2382,0.6621738444965807
2383,0.6633149582833008
2384,0.6665281148628147
2385,0.6663517139927306
2386,0.6785117668489516
2387,0.6687148468731476
2388,0.6644866446508454
2389,0.6720603381200989
2390,0.7593749814934836
2391,0.8729926463014545
2392,0.7583343742874968
2393,0.7269354643018415
2394,0.698472453347958
2395,0.7447058260228688
2396,0.7503280237077983
2397,0.7492724252362448
2398,0.747220216295976
2399,0.8057038802363129
2400,0.5282192038420044
2401,0.6877085553490903
2402,0.5918710490863838
2403,0.49010458392423795
2404,0.6477824233671735
2405,0.4793429777206956
2406,0.5470983388029629
2407,0.602133964311967
2408,0.5137344091645518
2409,0.7792167948452524
2410,0.6773765617666856
2411,0.7080621713447885
2412,0.7539202415344453
2413,0.6730591756762571
2414,0.672917384132726
2415,0.6782155209421492
2416,0.6882579901125696
2417,0.666899925376417
2418,0.6756922718149765
2419,0.7016580297059724
2420,0.7790116667281999
2421,0.6454417565692986
2422,0.741596571342424
2423,0.8279170724090578
2424,0.8015771222655034
2425,0.8555243246259854
2426,0.7468681069239717
2427,0.7745131193772354
2428,0.8132580813580929
2429,0.5882162492558245
2430,0.6805529984613812
2431,0.7425115128722375
2432,0.6601786381419049
2433,0.6827740119680668
2434,0.6605258253919308
2435,0.6644894819166863
2436,0.6803488945847946
2437,0.6578512912019421
2438,0.6672350850993046
2439,0.793499549414878
2440,0.6523854512767531
2441,0.785833135090938
2442,0.7348121040625167
2443,0.6579208000828581
2444,0.6427188008155764
2445,0.62848476631588
2446,0.6494245676887261
2447,0.6393832738196378
2448,0.6426271808545477
2449,0.6883160977185677
2450,0.7570100465133165
2451,0.7081062631933899
2452,0.761141776715072
2453,0.755254875641937
2454,0.7608340529211003
2455,0.7585211264230901
2456,0.7138968806418383
2457,0.7571855513278699
2458,0.7586120419788595
2459,0.6526766993498206
2460,0.7304558956473315
2461,0.8527367895592435
2462,0.7690268496927755
2463,0.7294585472637874
2464,0.7281556922553213
2465,0.7242534100267103
2466,0.7102476727922875
2467,0.7109460439502753
2468,0.7205439251906719
2469,0.8549002726304664
2470,0.6869160386424795
2471,0.737115177903059
2472,0.6128426528079122
2473,0.6759513487820672
2474,0.7343064296695637
2475,0.6791568779313324
2476,0.6674118448028892
2477,0.6954396364034481
2478,0.6732320551280638
2479,0.7400642067604151
2480,0.7220611459571371
2481,0.6423690164390088
2482,0.7107874974650193
2483,0.6854272069581887
2484,0.759605654777785
2485,0.6489235148496214
2486,0.6966408094601534
2487,0.6838404837962299
2488,0.6912610071227938
2489,0.7561465934943948
2490,0.7808710663287828
2491,0.8327522127494356
2492,0.752871196988478
2493,0.7744470206788499
2494,0.7203240940193447
2495,0.8108448048647219
2496,0.7429040498720775
2497,0.789450898466056
2498,0.8020624148503388
2499,0.7039583195200863
2500,0.732616704356935
2501,0.7524668655547276
2502,0.8197832977322073
2503,0.736420321032021
2504,0.7288693462055404
2505,0.7414405092921389
2506,0.72640476252424
2507,0.7266069266328972
2508,0.7291011877028866
2509,0.8447559333896358
2510,0.6902973660221163
2511,0.7301944208855069
2512,0.6502732781320567
2513,0.7277159651705314
2514,0.7016924721985005
2515,0.7371105203782664
2516,0.7205883759311541
2517,0.7435346802119089
2518,0.7195491392591825
2519,0.6263843561805295
2520,0.5786055104767315
2521,0.7265196067085241
2522,0.6213590364604087
2523,0.6052363158393499
2524,0.5746353533594158
2525,0.6073553941638318
2526,0.5863800726536113
2527,0.5839317187921659
2528,0.5897331768124187
2529,0.7165115121509397
2530,0.7953995719487452
2531,0.6676802348253682
2532,0.820617268896307
2533,0.8022561864932022
2534,0.7819180438176154
2535,0.81017471194741
2536,0.8119146950620414
2537,0.7989076284244159
2538,0.7991704350777626
2539,0.6858396797097088
2540,0.6996371299886406
2541,0.8114583425976711
2542,0.6767438502020716
2543,0.6896784418920808
2544,0.6697288308525076
2545,0.7057005050080868
2546,0.6537471577467842
2547,0.7028898596986118
2548,0.7255520846571701
2549,0.6490227663487137
2550,0.625574569567713
2551,0.6778724439021884
2552,0.6713348887019082
2553,0.6129613219447465
2554,0.654126584797474
2555,0.5974402162019842
2556,0.5913547670309902
2557,0.6395695976808375
2558,0.6232942337596531
2559,0.7522459162356527
